Country,Continent,Score
AFG,Asia,21.67033763
ALB,Europe,38.48647522
DZA,Africa,33.72563691
AGO,Africa,54.9216246
ARG,C&S America,81.70847128
ARM,Asia,47.77323821
AUS,Oceania,127.7411799
AUT,Europe,95.81629379
AZE,Asia,25.11781851
BHS,N America,299.2906241
BGD,Asia,24.23257959
BLR,Europe,22.567779
BEL,Europe,110.9359282
BLZ,C&S America,42.81312195
BEN,Africa,34.16456378
BTN,Asia,31.51787696
BOL,C&S America,60.17213006
BIH,Europe,39.97787826
BWA,Africa,43.88795369
BRA,C&S America,21.40177889
BRN,Asia,90.96653486
BGR,Europe,30.00284796
BFA,Africa,29.87429641
BDI,Africa,25.88061002
KHM,Asia,31.31971476
CMR,Africa,36.70159667
CAN,N America,67.68195843
CAF,Africa,39.62667389
TCD,Africa,12.86980073
CHL,C&S America,100.7357749
CHN,Asia,31.3231094
COL,C&S America,30.83578182
COG,Africa,18.3202749
CRI,C&S America,54.8126049
CIV,Africa,39.92259609
HRV,Europe,79.97345983
CUB,N America,12.54668775
CYP,Asia,75.02863276
CZE,Europe,24.30659112
PRK,Asia,4.916051554
COD,Africa,38.29502395
DNK,Europe,42.53874354
DOM,N America,33.1282222
ECU,C&S America,60.73579141
EGY,Africa,4.235515941
SLV,C&S America,28.69475696
CNQ,Africa,47.61657351
EST,Europe,61.51425909
SWZ,Africa,6.734920443
ETH,Africa,0
FJI,Oceania,45.65986339
FIN,Europe,63.61512839
FRA,Europe,52.65524895
GAB,Africa,39.62667389
GMB,Africa,6.525661163
GEO,Asia,35.27363334
DEU,Europe,44.64177658
GHA,Africa,3.31748252
GRC,Europe,55.8485913
GTM,N America,56.15230844
GIN,Africa,39.56464653
GNB,Africa,27.64182446
GUY,C&S America,47.64259924
HTI,N America,18.03492134
HND,N America,45.77275053
HUN,Europe,25.38769076
ISL,Europe,70.75399117
IND,Asia,16.54976437
IDN,Asia,21.11600404
IRN,Asia,40.11091023
IRQ,Asia,62.15591096
IRL,Europe,65.86886233
ISR,Asia,56.62479367
ITA,Europe,41.04213396
JAM,N America,47.33709143
JPN,Asia,74.33412145
JOR,Asia,132.3982862
KAZ,Asia,53.69222635
KEN,Africa,38.33911832
KWT,Asia,69.70313106
KGZ,Asia,31.84484457
LAO,Asia,11.66202521
LVA,Europe,29.5510575
LBN,Asia,33.44678389
LSO,Africa,132.3095095
LBR,Africa,19.37449777
LBY,Africa,18.3202749
LTU,Europe,43.88795369
MDG,Africa,113.4691022
MWI,Africa,49.32806144
MYS,Asia,40.84172775
MLI,Africa,38.10866073
MEX,N America,35.35676802
MNE,Europe,48.70610528
MAR,Africa,75.67467131
MOZ,Africa,45.05812797
MMR,Asia,9.364045226
NAM,Africa,47.36737587
NPL,Asia,26.67129992
NLD,Europe,18.72844346
NCL,Oceania,152.0109198
NZL,Oceania,95.04867604
NIC,C&S America,28.25122358
NER,Africa,47.61657351
NGA,Africa,30.12665578
MKD,Europe,52.78650856
NOR,Europe,73.95365005
OMN,Asia,57.23634179
PAK,Asia,9.526360223
PSE,Asia,116.1405413
PAN,C&S America,62.87933048
PNG,Oceania,50.51487044
PRY,C&S America,47.96396046
PER,C&S America,45.08131691
PHL,Asia,22.15723234
POL,Europe,35.56422109
PRT,Europe,86.93410217
PRI,N America,213.4069907
QAT,Asia,40.95832383
KOR,Asia,48.50434014
MDA,Europe,18.74640288
ROU,Europe,30.77066049
RUS,Europe,43.87173054
RWA,Africa,36.33518828
SAU,Asia,94.89014628
SEN,Africa,28.8150625
SRB,Europe,35.41038717
SLE,Africa,12.05368696
SVK,Europe,30.5570581
SVN,Europe,41.69350556
SLB,Oceania,17.68615587
ZAF,Africa,156.5274383
SSD,Africa,38.29502395
ESP,Europe,14.49369461
LKA,Asia,24.14624337
SDN,Africa,22.84788468
SUR,C&S America,73.64427683
SWE,Europe,47.34341454
CHE,Europe,227.4046214
SYR,Asia,35.26339538
TJK,Asia,26.92051407
THA,Asia,32.17663236
TLS,Asia,38.29502395
TGO,Africa,27.91733823
TTO,C&S America,49.24315263
TUN,Africa,47.51883773
TUR,Asia,39.91690529
TKM,Asia,56.36741595
UGA,Africa,22.54570258
UKR,Europe,21.68519678
ARE,Asia,97.82176368
GBR,Europe,81.80903958
TZA,Africa,38.25206751
USA,N America,26.68576809
URY,C&S America,446.0149018
UZB,Asia,22.31058481
VUT,Oceania,54.6184748
VEN,C&S America,47.70841144
VNM,Asia,38.11768559
ZMB,Africa,23.52631374
ZWE,Africa,25.22977929
