Country,Continent,Score
AFG,Asia,22.59872447
ALB,Europe,86.18217707
DZA,Africa,48.01237526
AGO,Africa,22.20734403
ARG,C&S America,30.15666928
ARM,Asia,59.02264903
AUS,Oceania,43.86525484
AUT,Europe,42.6263972
AZE,Asia,14.75819352
BHS,N America,15.66445236
BGD,Asia,25.14317967
BLR,Europe,4.138102513
BEL,Europe,22.40589907
BLZ,C&S America,35.03002322
BEN,Africa,9.660215427
BTN,Asia,20.34370028
BOL,C&S America,33.0650945
BIH,Europe,42.00310498
BWA,Africa,22.47743728
BRA,C&S America,16.44297272
BRN,Asia,28.95292407
BGR,Europe,40.58826986
BFA,Africa,8.447679358
BDI,Africa,4.046619313
KHM,Asia,17.41768955
CMR,Africa,10.56147511
CAN,N America,51.57765669
CAF,Africa,8.594641919
TCD,Africa,11.98651119
CHL,C&S America,62.08587477
CHN,Asia,54.99747981
COL,C&S America,24.28848393
COG,Africa,3.988840426
CRI,C&S America,13.13688395
CIV,Africa,8.612648121
HRV,Europe,70.65044192
CUB,N America,27.83737266
CYP,Asia,90.93451237
CZE,Europe,2.967285235
PRK,Asia,111.9539017
COD,Africa,22.39472123
DNK,Europe,57.74123353
DOM,N America,26.93937855
ECU,C&S America,35.33387818
EGY,Africa,13.22778072
SLV,C&S America,8.42504841
CNQ,Africa,21.72117607
EST,Europe,44.63492995
SWZ,Africa,22.28837199
ETH,Africa,22.78681691
FJI,Oceania,4.6589967
FIN,Europe,48.67496537
FRA,Europe,112.6258197
GAB,Africa,4.453211384
GMB,Africa,78.4407682
GEO,Asia,34.52359831
DEU,Europe,81.50561634
GHA,Africa,4.397265163
GRC,Europe,92.4401948
GTM,N America,31.14504612
GIN,Africa,21.95069638
GNB,Africa,3.429107612
GUY,C&S America,18.50275492
HTI,N America,4.138102513
HND,N America,19.19060963
HUN,Europe,5.326362144
ISL,Europe,35.45204398
IND,Asia,30.67276318
IDN,Asia,13.72193781
IRN,Asia,32.62680673
IRQ,Asia,0
IRL,Europe,94.92027579
ISR,Asia,29.32827431
ITA,Europe,106.2532004
JAM,N America,8.514614262
JPN,Asia,105.8282284
JOR,Asia,5.713646752
KAZ,Asia,37.46086289
KEN,Africa,7.04920739
KWT,Asia,6.573034503
KGZ,Asia,25.62951047
LAO,Asia,12.54100504
LVA,Europe,13.53442051
LBN,Asia,46.95313444
LSO,Africa,47.58531008
LBR,Africa,4.610765762
LBY,Africa,22.28837199
LTU,Europe,5.310307436
MDG,Africa,24.78264879
MWI,Africa,22.22101357
MYS,Asia,42.88777781
MLI,Africa,5.040131657
MEX,N America,37.60725457
MNE,Europe,70.39689876
MAR,Africa,75.03759268
MOZ,Africa,22.33749922
MMR,Asia,14.30245421
NAM,Africa,117.3948553
NPL,Asia,19.27934959
NLD,Europe,120.5653879
NCL,Oceania,15.70591404
NZL,Oceania,121.6556955
NIC,C&S America,36.58363189
NER,Africa,8.432585934
NGA,Africa,19.09765127
MKD,Europe,53.35068981
NOR,Europe,23.35974207
OMN,Asia,80.82273954
PAK,Asia,26.16599443
PSE,Asia,63.829983
PAN,C&S America,34.13404067
PNG,Oceania,5.973148131
PRY,C&S America,8.946937516
PER,C&S America,52.67698425
PHL,Asia,11.5885574
POL,Europe,20.53973573
PRT,Europe,107.3389197
PRI,N America,15.48202094
QAT,Asia,3.570906592
KOR,Asia,115.875699
MDA,Europe,11.51164949
ROU,Europe,19.24027036
RUS,Europe,23.21258462
RWA,Africa,5.713646752
SAU,Asia,37.22453124
SEN,Africa,89.44591534
SRB,Europe,12.75422584
SLE,Africa,4.304924817
SVK,Europe,28.53774687
SVN,Europe,71.19720364
SLB,Oceania,24.53014638
ZAF,Africa,102.3878167
SSD,Africa,3.287308632
ESP,Europe,120.6088512
LKA,Asia,26.71399281
SDN,Africa,6.406886199
SUR,C&S America,26.05249036
SWE,Europe,62.43323888
CHE,Europe,42.44012592
SYR,Asia,10.83584156
TJK,Asia,14.53669438
THA,Asia,33.3921264
TLS,Asia,1.817755558
TGO,Africa,4.431479726
TTO,C&S America,22.12468458
TUN,Africa,96.63266675
TUR,Asia,69.22019859
TKM,Asia,25.61051956
UGA,Africa,8.501148066
UKR,Europe,11.60923158
ARE,Asia,82.82595458
GBR,Europe,33.78698023
TZA,Africa,7.340014978
USA,N America,63.52400026
URY,C&S America,63.36002959
UZB,Asia,17.13222512
VUT,Oceania,3.680686455
VEN,C&S America,34.3559542
VNM,Asia,32.18889353
ZMB,Africa,8.514614262
ZWE,Africa,22.59872447
