Country,Continent,Score
AFG,Asia,31.73873397
ALB,Europe,68.18429266
DZA,Africa,39.74327399
AGO,Africa,38.35023935
ARG,C&S America,56.38536649
ARM,Asia,66.04128999
AUS,Oceania,75.34324569
AUT,Europe,69.85331464
AZE,Asia,46.74984397
BHS,N America,11.41773074
BGD,Asia,36.37528939
BLR,Europe,36.90642809
BEL,Europe,42.8370456
BLZ,C&S America,14.30335666
BEN,Africa,39.35650866
BTN,Asia,38.47477773
BOL,C&S America,62.5
BIH,Europe,76.4883543
BWA,Africa,38.35023935
BRA,C&S America,39.65273146
BRN,Asia,22.64141474
BGR,Europe,66.6423421
BFA,Africa,39.04296057
BDI,Africa,38.39756681
KHM,Asia,41.47971407
CMR,Africa,39.29736913
CAN,N America,89.78298647
CAF,Africa,37.55462396
TCD,Africa,39.1397727
CHL,C&S America,93.20132071
CHN,Asia,62.31759718
COL,C&S America,46.88518775
COG,Africa,38.87154259
CRI,C&S America,37.28896762
CIV,Africa,38.85711732
HRV,Europe,44.17715431
CUB,N America,43.25007925
CYP,Asia,40.17936772
CZE,Europe,35.28638187
PRK,Asia,107.4445859
COD,Africa,38.4478387
DNK,Europe,91.45518098
DOM,N America,35.15289379
ECU,C&S America,12.84361103
EGY,Africa,39.07150548
SLV,C&S America,34.99056325
CNQ,Africa,40.7406459
EST,Europe,81.90307616
SWZ,Africa,38.35023935
ETH,Africa,37.31264214
FJI,Oceania,30.6552369
FIN,Europe,87.72418587
FRA,Europe,112.2631434
GAB,Africa,38.55244182
GMB,Africa,89.55690083
GEO,Asia,70.41290686
DEU,Europe,91.3134037
GHA,Africa,38.56006302
GRC,Europe,54.48418436
GTM,N America,22.1519409
GIN,Africa,39.95812847
GNB,Africa,38.35023935
GUY,C&S America,24.46988897
HTI,N America,38.20665034
HND,N America,25.29833134
HUN,Europe,35.85291445
ISL,Europe,79.5726533
IND,Asia,33.70096759
IDN,Asia,20.24638171
IRN,Asia,59.2234588
IRQ,Asia,33.22902155
IRL,Europe,108.0941923
ISR,Asia,38.96622603
ITA,Europe,104.4136801
JAM,N America,38.85756934
JPN,Asia,87.69447876
JOR,Asia,33.47505325
KAZ,Asia,43.33276263
KEN,Africa,40.43407301
KWT,Asia,38.43999346
KGZ,Asia,60.01015926
LAO,Asia,37.85617839
LVA,Europe,42.19379313
LBN,Asia,86.47763384
LSO,Africa,88.6927096
LBR,Africa,38.48925355
LBY,Africa,38.35023935
LTU,Europe,35.30389621
MDG,Africa,20.27912694
MWI,Africa,38.79051961
MYS,Asia,40.54368931
MLI,Africa,38.69023802
MEX,N America,26.45272098
MNE,Europe,90.76871524
MAR,Africa,70.32612329
MOZ,Africa,38.35023935
MMR,Asia,32.46090889
NAM,Africa,111.5150928
NPL,Asia,37.5
NLD,Europe,114.5951664
NCL,Oceania,11.64956242
NZL,Oceania,115.7904185
NIC,C&S America,11.4268702
NER,Africa,39.11283152
NGA,Africa,39.80583062
MKD,Europe,70.60813123
NOR,Europe,80.46119053
OMN,Asia,39.6416368
PAK,Asia,35.51020252
PSE,Asia,40.24604264
PAN,C&S America,19.24651145
PNG,Oceania,41.36455221
PRY,C&S America,39.28451429
PER,C&S America,72.92333383
PHL,Asia,-1.059385638
POL,Europe,54.91010462
PRT,Europe,97.64577298
PRI,N America,23.4236471
QAT,Asia,38.35023935
KOR,Asia,104.97734
MDA,Europe,44.27315597
ROU,Europe,51.23317039
RUS,Europe,56.10632787
RWA,Africa,38.69810796
SAU,Asia,17.5627339
SEN,Africa,93.61547694
SRB,Europe,47.74532512
SLE,Africa,38.48107625
SVK,Europe,61.28675945
SVN,Europe,89.69241883
SLB,Oceania,38.35023935
ZAF,Africa,100.9947359
SSD,Africa,38.55244182
ESP,Europe,107.4824239
LKA,Asia,29.34317039
SDN,Africa,38.79508479
SUR,C&S America,38.18749892
SWE,Europe,92.34076222
CHE,Europe,78.19347895
SYR,Asia,35.81631075
TJK,Asia,43.70831016
THA,Asia,33.98789346
TLS,Asia,32.56210335
TGO,Africa,38.44227634
TTO,C&S America,38.94734732
TUN,Africa,40.65658998
TUR,Asia,57.91416262
TKM,Asia,40.19723814
UGA,Africa,39.054892
UKR,Europe,42.34887698
ARE,Asia,38.56146322
GBR,Europe,85.18929569
TZA,Africa,36.25452213
USA,N America,71.35504991
URY,C&S America,42.70365718
UZB,Asia,45.33813652
VUT,Oceania,21.4794035
VEN,C&S America,16.76260895
VNM,Asia,33.56000657
ZMB,Africa,38.3274096
ZWE,Africa,38.56311517
