Country,Continent,Score
AFG,Asia,29.17144727
ALB,Europe,32.41462258
DZA,Africa,9.645522872
AGO,Africa,38.27417036
ARG,C&S America,38.49675035
ARM,Asia,46.79155525
AUS,Oceania,62.39919805
AUT,Europe,54.82740522
AZE,Asia,51.77683912
BHS,N America,46.74486909
BGD,Asia,39.37436446
BLR,Europe,36.48762242
BEL,Europe,23.40114271
BLZ,C&S America,45.83729422
BEN,Africa,40.9721499
BTN,Asia,40.85717183
BOL,C&S America,44.000814
BIH,Europe,55.82384465
BWA,Africa,38.27417036
BRA,C&S America,39.12287081
BRN,Asia,6.266322958
BGR,Europe,88.44808556
BFA,Africa,39.87365711
BDI,Africa,38.49246956
KHM,Asia,40.56607516
CMR,Africa,40.70226576
CAN,N America,96.53477107
CAF,Africa,35.6890897
TCD,Africa,37.22838927
CHL,C&S America,109.8335365
CHN,Asia,106.707733
COL,C&S America,41.04058271
COG,Africa,39.67664418
CRI,C&S America,38.25422743
CIV,Africa,37.26913372
HRV,Europe,-26.30012864
CUB,N America,91.89290624
CYP,Asia,-53.81421873
CZE,Europe,33.54781199
PRK,Asia,197.5213765
COD,Africa,38.01081047
DNK,Europe,87.64561921
DOM,N America,24.64748867
ECU,C&S America,46.69988696
EGY,Africa,31.43601674
SLV,C&S America,39.9403771
CNQ,Africa,32.13127589
EST,Europe,62.5
SWZ,Africa,38.27417036
ETH,Africa,36.43829982
FJI,Oceania,40.69437
FIN,Europe,68.0494697
FRA,Europe,191.1588892
GAB,Africa,38.8181602
GMB,Africa,155.9850508
GEO,Asia,68.63497601
DEU,Europe,135.1668163
GHA,Africa,38.37982328
GRC,Europe,-4.788496193
GTM,N America,43.58214577
GIN,Africa,34.0842619
GNB,Africa,38.27417036
GUY,C&S America,39.04389271
HTI,N America,38.15521944
HND,N America,42.37920127
HUN,Europe,40.18949629
ISL,Europe,56.14248385
IND,Asia,37.01170873
IDN,Asia,33.51142212
IRN,Asia,70.78115079
IRQ,Asia,37.31903892
IRL,Europe,172.8393627
ISR,Asia,22.5911059
ITA,Europe,160.5915093
JAM,N America,39.75086976
JPN,Asia,112.7073237
JOR,Asia,31.7316634
KAZ,Asia,39.26143273
KEN,Africa,40.08506568
KWT,Asia,33.25223165
KGZ,Asia,73.82160095
LAO,Asia,49.54778364
LVA,Europe,33.03637008
LBN,Asia,68.22839956
LSO,Africa,69.25895328
LBR,Africa,38.64816338
LBY,Africa,38.27417036
LTU,Europe,34.07364219
MDG,Africa,43.85504371
MWI,Africa,38.71016536
MYS,Asia,38.81917545
MLI,Africa,39.10289036
MEX,N America,48.62292048
MNE,Europe,91.82919247
MAR,Africa,88.64376696
MOZ,Africa,38.27417036
MMR,Asia,32.73094296
NAM,Africa,207.4971741
NPL,Asia,53.7855285
NLD,Europe,213.1958981
NCL,Oceania,45.92067034
NZL,Oceania,205.1875448
NIC,C&S America,46.74199458
NER,Africa,40.32578919
NGA,Africa,38.89728395
MKD,Europe,50.91708221
NOR,Europe,57.24527333
OMN,Asia,-33.98234377
PAK,Asia,46.75124056
PSE,Asia,4.263721083
PAN,C&S America,22.49195941
PNG,Oceania,39.18288299
PRY,C&S America,32.72861811
PER,C&S America,98.25967187
PHL,Asia,31.62244156
POL,Europe,46.4379289
PRT,Europe,144.5800199
PRI,N America,39.93752709
QAT,Asia,38.27417036
KOR,Asia,176.4346854
MDA,Europe,86.81665837
ROU,Europe,73.99413612
RUS,Europe,68.28546062
RWA,Africa,37.69770834
SAU,Asia,34.49720546
SEN,Africa,166.1115325
SRB,Europe,46.24539079
SLE,Africa,38.6261638
SVK,Europe,53.91389595
SVN,Europe,108.8860224
SLB,Oceania,38.27417036
ZAF,Africa,155.8563802
SSD,Africa,38.8181602
ESP,Europe,182.0237055
LKA,Asia,37.58803733
SDN,Africa,39.47094803
SUR,C&S America,27.6525571
SWE,Europe,92.15953389
CHE,Europe,59.04749055
SYR,Asia,35.61601018
TJK,Asia,77.69151876
THA,Asia,56.24012353
TLS,Asia,34.29030468
TGO,Africa,38.52177954
TTO,C&S America,39.88058333
TUN,Africa,-48.90254281
TUR,Asia,-8.897831606
TKM,Asia,54.56676277
UGA,Africa,40.18694959
UKR,Europe,70.01314922
ARE,Asia,-37.46675686
GBR,Europe,76.71819911
TZA,Africa,38.94017473
USA,N America,118.4709364
URY,C&S America,24.63074451
UZB,Asia,80.46144168
VUT,Oceania,43.58031431
VEN,C&S America,42.99626634
VNM,Asia,37.5
ZMB,Africa,38.24454716
ZWE,Africa,38.40730109
