Country,Code,Score
Afghanistan,AFG,41.35766007
Albania,ALB,13.06353711
Algeria,DZA,23.36760753
Angola,AGO,46.31845808
Argentina,ARG,33.54200233
Armenia,ARM,44.52052421
Australia,AUS,45.58788409
Austria,AUT,48.89315664
Azerbaijan,AZE,55.26391965
Bahamas,BHS,42.40409039
Bangladesh,BGD,39.32367865
Belarus,BLR,59.36896692
Belgium,BEL,23.11137266
Belize,BLZ,44.26982767
Benin,BEN,47.97843276
Bhutan,BTN,47.36342739
Bolivia (Plurinational State of),BOL,32.77735708
Bosnia and Herzegovina,BIH,46.42461016
Botswana,BWA,46.31845808
Brazil,BRA,51.56653476
Brunei Darussalam,BRN,-15.34271129
Bulgaria,BGR,80.42442659
Burkina Faso,BFA,47.22314641
Burundi,BDI,46.58739461
Cambodia,KHM,40.34232561
Cameroon,CMR,48.16250512
Canada,CAN,75.64959358
Central African Republic,CAF,44.45971846
Chad,TCD,46.23773404
Chile,CHL,67.92835209
China,CHN,76.41379608
Colombia,COL,49.18440148
Congo,COG,46.09133878
Costa Rica,CRI,53.12676951
Cote d'Ivoire,CIV,44.74948413
Croatia,HRV,-31.24856198
Cuba,CUB,75.38668868
Cyprus,CYP,-30.00295525
Czechia,CZE,58.029938
Democratic People's Republic of Korea,PRK,139.9096221
Democratic Republic of the Congo,COD,45.77863638
Denmark,DNK,65.92070932
Dominican Republic,DOM,37.91163331
Ecuador,ECU,43.0374754
Egypt,EGY,36.59914468
El Salvador,SLV,58.10184758
Equatorial Guinea,GNQ,37.29992474
Estonia,EST,49.08822871
Eswatini,SWZ,46.31845808
Ethiopia,ETH,46.88772581
Fiji,FJI,43.24468756
Finland,FIN,52.77728487
France,FRA,135.7696833
Gabon,GAB,46.7425671
Gambia,GMB,116.0265192
Georgia,GEO,60.48001582
Germany,DEU,101.5592272
Ghana,GHA,46.18148779
Greece,GRC,-20.61739247
Guatemala,GTM,49.24988617
Guinea,GIN,40.19437954
Guinea-Bissau,GNB,46.3727605
Guyana,GUY,40.89282711
Haiti,HTI,59.45314127
Honduras,HND,51.62784448
Hungary,HUN,58.15748
Iceland,ISL,44.27145231
India,IND,38.14547957
Indonesia,IDN,32.75025077
Iran (Islamic Republic of),IRN,50.91037289
Iraq,IRQ,49.47604746
Ireland,IRL,123.5658705
Israel,ISR,30.78734826
Italy,ITA,112.7218291
Jamaica,JAM,58.98091005
Japan,JPN,78.1385188
Jordan,JOR,45.45719914
Kazakhstan,KAZ,44.8006911
Kenya,KEN,47.11634555
Kuwait,KWT,41.76734214
Kyrgyzstan,KGZ,64.65089349
Lao People's Democratic Republic,LAO,51.15327729
Latvia,LVA,42.63033836
Lebanon,LBN,58.81765955
Lesotho,LSO,54.99875588
Liberia,LBR,46.59494902
Libya,LBY,45.8840387
Lithuania,LTU,48.15862782
Madagascar,MDG,27.60691494
Malawi,MWI,46.51341451
Malaysia,MYS,27.42303466
Mali,MLI,46.7089981
Mexico,MEX,46.69609049
Montenegro,MNE,65.50135869
Morocco,MAR,70.66361596
Mozambique,MOZ,46.36634683
Myanmar,MMR,42.7424305
Namibia,NAM,148.2826805
Nepal,NPL,53.69624805
Netherlands,NLD,150.4154473
New Caledonia,NCL,17.59116017
New Zealand,NZL,146.2129547
Nicaragua,NIC,42.45737812
Niger,NER,47.66144065
Nigeria,NGA,45.62614554
North Macedonia,MKD,45.31874444
Norway,NOR,45.63651748
Oman,OMN,-13.44341
Pakistan,PAK,50.63985289
Palestine,PSE,10.03687642
Panama,PAN,22.02611667
Papua New Guinea,PNG,49.05859624
Paraguay,PRY,49.69913316
Peru,PER,63.00556247
Philippines,PHL,37.07940875
Poland,POL,56.89735254
Portugal,PRT,94.72890948
Puerto Rico,PRI,41.92067751
Qatar,QAT,45.8840387
Republic of Korea,KOR,123.1459367
Republic of Moldova,MDA,84.93630432
Romania,ROU,74.91420563
Russian Federation,RUS,69.71342732
Rwanda,RWA,45.42263082
Saudi Arabia,SAU,17.18755206
Senegal,SEN,123.3093389
Serbia,SRB,52.71135102
Sierra Leone,SLE,46.54461274
Slovakia,SVK,54.96769671
Slovenia,SVN,80.31559584
Solomon Islands,SLB,48.32506189
South Africa,ZAF,116.2994309
South Sudan,SSD,46.11507244
Spain,ESP,125.9261235
Sri Lanka,LKA,34.46767746
Sudan,SDN,46.08821936
Suriname,SUR,33.14472193
Sweden,SWE,69.44779512
Switzerland,CHE,47.17274846
Syrian Arab Republic,SYR,46.00311198
Tajikistan,TJK,67.59777609
United Republic of Tanzania,TZA,46.04880969
Thailand,THA,36.22719784
Timor-Leste,TLS,44.4768149
Togo,TGO,46.49552216
Trinidad and Tobago,TTO,58.74460651
Tunisia,TUN,-26.42819244
Turkey,TUR,2.811569346
Turkmenistan,TKM,52.49040861
Uganda,UGA,47.58164131
Ukraine,UKR,73.17112203
United Arab Emirates,ARE,-20.4096093
United Kingdom,GBR,58.48901389
United States of America,USA,88.40070902
Uruguay,URY,32.22193487
Uzbekistan,UZB,65.88723003
Vanuatu,VUT,42.92809542
Venezuela (Bolivarian Republic of),VEN,40.40138923
Viet Nam,VNM,32.57136485
Zambia,ZMB,46.34180462
Zimbabwe,ZWE,46.49428986
