Country,Code,Continent,Resource,Environment,Benefits
Afghanistan,AFG,Asia,35.82430263,41.35766007,54.57498748
Albania,ALB,Europe,64.12301019,13.06353711,54.47202481
Algeria,DZA,Africa,58.34003916,23.36760753,56.50455145
Angola,AGO,Africa,40.98971339,46.31845808,47.35734084
Argentina,ARG,C&S America,49.20171933,33.54200233,85.20222554
Armenia,ARM,Asia,42.91610898,44.52052421,71.34738803
Australia,AUS,Oceania,55.05633623,45.58788409,100
Austria,AUT,Europe,49.99675074,48.89315664,95.89374637
Azerbaijan,AZE,Asia,21.77398223,55.26391965,57.60365738
Bahamas,BHS,N America,28.90128513,42.40409039,100
Bangladesh,BGD,Asia,38.30387252,39.32367865,52.05585392
Belarus,BLR,Europe,26.29560217,59.36896692,55.38886922
Belgium,BEL,Europe,34.31686285,23.11137266,97.8379494
Belize,BLZ,C&S America,36.83557109,44.26982767,66.30693555
Benin,BEN,Africa,37.23483872,47.97843276,47.13828101
Bhutan,BTN,Asia,37.37157335,47.36342739,60.04014076
Bolivia (Plurinational State of),BOL,C&S America,52.15769736,32.77735708,75.5673289
Bosnia and Herzegovina,BIH,Europe,51.95093434,46.42461016,68.34641509
Botswana,BWA,Africa,49.70799889,46.31845808,41.84050538
Brazil,BRA,C&S America,45.73154569,51.56653476,40.35026308
Brunei Darussalam,BRN,Asia,18.51837226,0,89.79603827
Bulgaria,BGR,Europe,48.23975248,80.42442659,53.16398906
Burkina Faso,BFA,Africa,36.6584885,47.22314641,41.60876292
Burundi,BDI,Africa,34.94810987,46.58739461,34.22711187
Cambodia,KHM,Asia,37.40299988,40.34232561,55.88912103
Cameroon,CMR,Africa,45.71659007,48.16250512,48.4975688
Canada,CAN,N America,54.50704613,75.64959358,71.70756691
Central African Republic,CAF,Africa,36.21642196,44.45971846,49.16090494
Chad,TCD,Africa,37.87542796,46.23773404,31.6193011
Chile,CHL,C&S America,70.62139904,67.92835209,84.4456503
China,CHN,Asia,67.15690947,76.41379608,44.39539457
Colombia,COL,C&S America,20.91837512,49.18440148,46.14423348
Congo,COG,Africa,43.4292589,46.09133878,34.32388248
Costa Rica,CRI,C&S America,45.86700844,53.12676951,52.54534895
Cote d'Ivoire,CIV,Africa,44.91141123,44.74948413,42.96953599
Croatia,HRV,Europe,50.90568385,0,78.1759985
Cuba,CUB,N America,43.97353709,75.38668868,48.25985864
Cyprus,CYP,Asia,65.56981287,0,77.10570589
Czechia,CZE,Europe,25.38653233,58.029938,56.11496603
Democratic People's Republic of Korea,PRK,Asia,74.30657881,100,7.223348938
Democratic Republic of the Congo,COD,Africa,41.11418664,45.77863638,39.5839434
Denmark,DNK,Europe,62.18591942,65.92070932,64.4527279
Dominican Republic,DOM,N America,40.99419397,37.91163331,50.11758835
Ecuador,ECU,C&S America,45.16642803,43.0374754,77.5071462
Egypt,EGY,Africa,46.5080221,36.59914468,29.58289756
El Salvador,SLV,C&S America,34.77727908,58.10184758,37.93091017
Equatorial Guinea,CNQ,Africa,49.5648128,37.29992474,57.18888935
Estonia,EST,Europe,54.73161213,49.08822871,79.63349409
Eswatini,SWZ,Africa,49.30102653,46.31845808,23.26398876
Ethiopia,ETH,Africa,40.83521811,46.88772581,25.88775314
Fiji,FJI,Oceania,28.66685667,43.24468756,50.72769093
Finland,FIN,Europe,58.10302686,52.77728487,81.73119225
France,FRA,Europe,87.5136104,100,34.77664614
Gabon,GAB,Africa,43.53802402,46.7425671,41.75290699
Gambia,GMB,Africa,76.68514894,100,11.05598227
Georgia,GEO,Asia,36.16360901,60.48001582,65.1492436
Germany,DEU,Europe,70.17881633,100,45.70295727
Ghana,GHA,Africa,43.40457131,46.18148779,23.31621188
Greece,GRC,Europe,61.45949893,0,60.48252964
Guatemala,GTM,N America,38.06301519,49.24988617,65.19651365
Guinea,GIN,Africa,41.51016113,40.19437954,48.69965674
Guinea-Bissau,GNB,Africa,34.75978232,46.3727605,33.71744076
Guyana,GUY,C&S America,34.64330243,40.89282711,67.88422134
Haiti,HTI,N America,33.40047169,59.45314127,31.00819249
Honduras,HND,N America,35.10736678,51.62784448,56.35422206
Hungary,HUN,Europe,26.36834657,58.15748,56.08651817
Iceland,ISL,Europe,50.96307056,44.27145231,84.87663268
India,IND,Asia,22.65684948,38.14547957,51.92363714
Indonesia,IDN,Asia,12.58890769,32.75025077,50.29078976
Iran (Islamic Republic of),IRN,Asia,31.84488449,50.91037289,66.57019176
Iraq,IRQ,Asia,12.22417001,49.47604746,74.77814539
Ireland,IRL,Europe,80.17148938,100,47.70369739
Israel,ISR,Asia,44.63001962,30.78734826,61.09653037
Italy,ITA,Europe,79.60422509,100,34.96326403
Jamaica,JAM,N America,36.19093787,58.98091005,49.17930851
Japan,JPN,Asia,86.37275523,78.1385188,53.40809389
Jordan,JOR,Asia,14.29102931,45.45719914,100
Kazakhstan,KAZ,Asia,28.15933782,44.8006911,71.15654523
Kenya,KEN,Africa,44.86808158,47.11634555,44.01509965
Kuwait,KWT,Asia,16.28458569,41.76734214,55.80436586
Kyrgyzstan,KGZ,Asia,29.93591289,64.65089349,62.03130329
Lao People's Democratic Republic,LAO,Asia,34.55594483,51.15327729,42.36341502
Latvia,LVA,Europe,31.11728548,42.63033836,58.99832525
Lebanon,LBN,Asia,45.70505207,58.81765955,66.18356215
Lesotho,LSO,Africa,66.25933989,54.99875588,100
Liberia,LBR,Africa,35.20000644,46.59494902,30.98836847
Libya,LBY,Africa,49.30102653,45.8840387,29.05666598
Lithuania,LTU,Europe,26.04778793,48.15862782,65.64699701
Madagascar,MDG,Africa,35.82172318,27.60691494,95.59481827
Malawi,MWI,Africa,41.19456045,46.51341451,45.79552625
Malaysia,MYS,Asia,28.99106748,27.42303466,56.33785203
Mali,MLI,Africa,35.41800039,46.7089981,42.31322885
Mexico,MEX,N America,50.44565924,46.69609049,57.27142788
Montenegro,MNE,Europe,66.39418663,65.50135869,61.24024387
Morocco,MAR,Africa,77.56083089,70.66361596,60.28301551
Mozambique,MOZ,Africa,41.03820509,46.36634683,42.42559252
Myanmar,MMR,Asia,33.34382527,42.7424305,47.45076265
Namibia,NAM,Africa,100,100,23.68368793
Nepal,NPL,Asia,36.59426814,53.69624805,56.55680645
Netherlands,NLD,Europe,91.04047779,100,10.37025533
New Caledonia,NCL,Oceania,26.02806885,17.59116017,100
New Zealand,NZL,Oceania,94.62623058,100,52.41453113
Nicaragua,NIC,C&S America,45.10914565,42.45737812,62.0169447
Niger,NER,Africa,36.68180582,47.66144065,51.41000041
Nigeria,NGA,Africa,48.69782882,45.62614554,55.8964249
North Macedonia,MKD,Europe,53.92846646,45.31874444,75.09892837
Norway,NOR,Europe,47.07083792,45.63651748,86.89110524
Oman,OMN,Asia,5.09647788,0,63.71251837
Pakistan,PAK,Asia,21.78686163,50.63985289,48.40916502
Palestine,PSE,Asia,35.86503176,10.03687642,91.38727463
Panama,PAN,C&S America,37.97202141,22.02611667,76.40698076
Papua New Guinea,PNG,Oceania,32.66724751,49.05859624,52.60675263
Paraguay,PRY,C&S America,36.32726317,49.69913316,52.98691216
Peru,PER,C&S America,45.27766803,63.00556247,59.23328863
Philippines,PHL,Asia,4.787821738,37.07940875,48.47388479
Poland,POL,Europe,37.69517186,56.89735254,63.8094234
Portugal,PRT,Europe,80.92423036,94.72890948,54.61195558
Puerto Rico,PRI,N America,33.28596293,41.92067751,100
Qatar,QAT,Asia,15.20184463,45.8840387,40.37569045
Republic of Korea,KOR,Asia,74.84580897,100,30.19302459
Republic of Moldova,MDA,Europe,31.13217163,84.93630432,53.058623
Romania,ROU,Europe,36.04449061,74.91420563,60.32097779
Russian Federation,RUS,Europe,39.03386114,69.71342732,65.75130411
Rwanda,RWA,Africa,35.58294309,45.42263082,40.32005587
Saudi Arabia,SAU,Asia,19.49055102,17.18755206,91.37585388
Senegal,SEN,Africa,81.78603049,100,19.67059457
Serbia,SRB,Europe,32.72534601,52.71135102,62.99686227
Sierra Leone,SLE,Africa,35.03463598,46.54461274,27.24534
Slovakia,SVK,Europe,42.46423692,54.96769671,61.37144396
Slovenia,SVN,Europe,66.25137896,80.31559584,52.6067251
Solomon Islands,SLB,Oceania,63.46237162,48.32506189,28.73960647
South Africa,ZAF,Africa,96.87232201,100,95.02758658
South Sudan,SSD,Africa,34.77991682,46.11507244,41.08708202
Spain,ESP,Europe,88.58521435,100,12.63413368
Sri Lanka,LKA,Asia,19.77808022,34.46767746,45.29126415
Sudan,SDN,Africa,35.90065699,46.08821936,35.81516223
Suriname,SUR,C&S America,41.77763954,33.14472193,78.40401908
Sweden,SWE,Europe,64.28449449,69.44779512,65.47259562
Switzerland,CHE,Europe,52.70668933,47.17274846,100
Syrian Arab Republic,SYR,Asia,16.77884675,46.00311198,53.00925917
Tajikistan,TJK,Asia,20.64313083,67.59777609,57.23866214
Thailand,THA,Asia,38.12013128,36.22719784,51.68233541
Timor-Leste,TLS,Asia,29.19772777,44.4768149,46.01965895
Togo,TGO,Africa,35.12458535,46.49552216,34.78513375
Trinidad and Tobago,TTO,C&S America,40.6989891,58.74460651,50.55124756
Tunisia,TUN,Africa,74.87017512,0,63.01733435
Turkey,TUR,Asia,43.54010485,2.811569346,63.15952836
Turkmenistan,TKM,Asia,23.16404855,52.49040861,71.55134674
Uganda,UGA,Africa,36.72503381,47.58164131,38.45995221
Ukraine,UKR,Europe,30.58673677,73.17112203,54.41386389
United Arab Emirates,ARE,Asia,36.45433361,0,88.9395596
United Kingdom,GBR,Europe,52.2998057,58.48901389,85.0013966
United Republic of Tanzania,TZA,Africa,35.33156019,46.04880969,45.95286934
United States of America,USA,N America,60.56319853,88.40070902,39.09628778
Uruguay,URY,C&S America,55.70231802,32.22193487,100
Uzbekistan,UZB,Asia,21.9796775,65.88723003,54.60340616
Vanuatu,VUT,Oceania,27.58903695,42.92809542,64.747989
Venezuela (Bolivarian Republic of),VEN,C&S America,37.33913779,40.40138923,70.80688004
Viet Nam,VNM,Asia,23.19439785,32.57136485,61.19711472
Zambia,ZMB,Africa,36.46008054,46.34180462,31.7477997
Zimbabwe,ZWE,Africa,49.45596696,46.49428986,32.64833936
