Country,Continent,Score
AFG,Asia,42.15668888
ALB,Europe,-8.293597427
DZA,Africa,36.87711927
AGO,Africa,37.33709273
ARG,C&S America,48.08389745
ARM,Asia,65.43380511
AUS,Oceania,43.56526648
AUT,Europe,56.01385985
AZE,Asia,59.00171453
BHS,N America,44.64981898
BGD,Asia,29.42561278
BLR,Europe,89.71458822
BEL,Europe,47.04695297
BLZ,C&S America,48.20533478
BEN,Africa,45.37597663
BTN,Asia,46.60535268
BOL,C&S America,36.22001433
BIH,Europe,50.21929824
BWA,Africa,37.33709273
BRA,C&S America,72.57891633
BRN,Asia,-58.26620125
BGR,Europe,86.03737104
BFA,Africa,42.78650057
BDI,Africa,38.68239148
KHM,Asia,39.99532563
CMR,Africa,46.59913673
CAN,N America,78.18843578
CAF,Africa,43.66720372
TCD,Africa,47.21760798
CHL,C&S America,32.34982141
CHN,Asia,41.64593765
COL,C&S America,61.89321992
COG,Africa,38.22879567
CRI,C&S America,65.10025065
CIV,Africa,39.94360902
HRV,Europe,-50.20441301
CUB,N America,62.97846891
CYP,Asia,3.239604107
CZE,Europe,89.50328804
PRK,Asia,93.12134919
COD,Africa,37.29636591
DNK,Europe,61.94504118
DOM,N America,50.36967419
ECU,C&S America,45.85653948
EGY,Africa,31.21345029
SLV,C&S America,74.49510404
CNQ,Africa,48.19757727
EST,Europe,54.46720616
SWZ,Africa,37.33709273
ETH,Africa,43.69541277
FJI,Oceania,33.56030383
FIN,Europe,55.63777402
FRA,Europe,95.77237015
GAB,Africa,39.21957673
GMB,Africa,80.1584318
GEO,Asia,66.4468419
DEU,Europe,81.61357341
GHA,Africa,38.71861443
GRC,Europe,-49.55665683
GTM,N America,57.74252329
GIN,Africa,44.61029758
GNB,Africa,37.5
GUY,C&S America,56.11759448
HTI,N America,78.11045471
HND,N America,62.5
HUN,Europe,81.22558492
ISL,Europe,52.90831246
IND,Asia,32.68075599
IDN,Asia,20.59874593
IRN,Asia,31.65014808
IRQ,Asia,54.82712133
IRL,Europe,91.96769097
ISR,Asia,33.61897391
ITA,Europe,78.12998407
JAM,N America,77.03015256
JPN,Asia,52.66589091
JOR,Asia,48.63199667
KAZ,Asia,55.21616542
KEN,Africa,41.06561934
KWT,Asia,34.28299283
KGZ,Asia,62.36881267
LAO,Asia,42.53805812
LVA,Europe,58.23632878
LBN,Asia,72.08220796
LSO,Africa,60.01378447
LBR,Africa,38.58604844
LBY,Africa,36.03383459
LTU,Europe,61.05639099
MDG,Africa,-5.661584453
MWI,Africa,38.25125384
MYS,Asia,5.92076389
MLI,Africa,39.74463832
MEX,N America,48.1747131
MNE,Europe,52.38380042
MAR,Africa,61.60741769
MOZ,Africa,37.48075899
MMR,Asia,42.99992238
NAM,Africa,100.5717877
NPL,Asia,44.80321566
NLD,Europe,102.1354872
NCL,Oceania,-28.34883265
NZL,Oceania,104.7962167
NIC,C&S America,44.80321566
NER,Africa,43.66720372
NGA,Africa,54.40932658
MKD,Europe,56.76138879
NOR,Europe,55.1482874
OMN,Asia,10.55528233
PAK,Asia,46.05007016
PSE,Asia,15.44444386
PAN,C&S America,24.84335841
PNG,Oceania,49.14307828
PRY,C&S America,74.79159856
PER,C&S America,30.16917293
PHL,Asia,32.96975791
POL,Europe,80.91816526
PRT,Europe,49.49715391
PRI,N America,55.74561404
QAT,Asia,36.03383459
KOR,Asia,81.52374986
MDA,Europe,92.07393486
ROU,Europe,87.51782916
RUS,Europe,84.16838417
RWA,Africa,39.41011154
SAU,Asia,-13.27276526
SEN,Africa,85.25887986
SRB,Europe,61.19701502
SLE,Africa,38.41036413
SVK,Europe,66.71323582
SVN,Europe,66.31422307
SLB,Oceania,43.35690418
ZAF,Africa,91.74706592
SSD,Africa,37.33709273
ESP,Europe,81.10110048
LKA,Asia,13.44974276
SDN,Africa,37.9887218
SUR,C&S America,63.34301664
SWE,Europe,65.11765527
CHE,Europe,53.38813989
SYR,Asia,46.45989975
TJK,Asia,55.28404344
THA,Asia,1.843855131
TLS,Asia,40.23980405
TGO,Africa,38.14601157
TTO,C&S America,76.4173437
TUN,Africa,5.508898378
TUR,Asia,29.33375103
TKM,Asia,52.51074115
UGA,Africa,43.32706768
UKR,Europe,86.57362495
ARE,Asia,5.125219766
GBR,Europe,60.44688742
TZA,Africa,40.57421781
USA,N America,63.44681147
URY,C&S America,70.09742495
UZB,Asia,53.38487771
VUT,Oceania,39.1027973
VEN,C&S America,48.36984705
VNM,Asia,22.71409456
ZMB,Africa,37.47653598
ZWE,Africa,37.85347805
