Country,Continent,Score
AFG,Asia,53.13544944
ALB,Europe,38.00256083
DZA,Africa,87.26446824
AGO,Africa,62.4115568
ARG,C&S America,61.06312222
ARM,Asia,3.684387934
AUS,Oceania,45.96050816
AUT,Europe,37.51054038
AZE,Asia,3.813909199
BHS,N America,59.62167229
BGD,Asia,53.3931485
BLR,Europe,37.84227591
BEL,Europe,37.70764388
BLZ,C&S America,61.17333339
BEN,Africa,62.68779206
BTN,Asia,53.29624204
BOL,C&S America,60.90799759
BIH,Europe,37.36134374
BWA,Africa,88.29632005
BRA,C&S America,81.09893287
BRN,Asia,3.960777973
BGR,Europe,37.48864549
BFA,Africa,62.48482557
BDI,Africa,62.40014347
KHM,Asia,53.31159601
CMR,Africa,87.29092598
CAN,N America,22.16049524
CAF,Africa,62.5
TCD,Africa,62.5
CHL,C&S America,56.57700165
CHN,Asia,84.15565143
COL,C&S America,-8.418546321
COG,Africa,87.42739367
CRI,C&S America,87.17517376
CIV,Africa,87.26446824
HRV,Europe,37.88945531
CUB,N America,60.83315936
CYP,Asia,65.59555853
CZE,Europe,37.90592988
PRK,Asia,3.521248904
COD,Africa,62.5
DNK,Europe,37.36134374
DOM,N America,60.89030956
ECU,C&S America,87.32179489
EGY,Africa,87.22478008
SLV,C&S America,60.91622558
CNQ,Africa,86.23261643
EST,Europe,37.65683028
SWZ,Africa,87.26446824
ETH,Africa,62.40619529
FJI,Oceania,50.6863364
FIN,Europe,37.90992934
FRA,Europe,37.6518681
GAB,Africa,87.60841884
GMB,Africa,62.0577778
GEO,Asia,3.554321852
DEU,Europe,37.71742894
GHA,Africa,87.25638573
GRC,Europe,37.45411763
GTM,N America,60.89205856
GIN,Africa,62.62165855
GNB,Africa,62.5
GUY,C&S America,60.9572634
HTI,N America,57.85666221
HND,N America,60.83315936
HUN,Europe,37.92576312
ISL,Europe,37.8645144
IND,Asia,3.596817679
IDN,Asia,3.798403546
IRN,Asia,3.684387934
IRQ,Asia,3.443488474
IRL,Europe,37.5
ISR,Asia,65.59555853
ITA,Europe,28.1457948
JAM,N America,61.20063002
JPN,Asia,65.59555853
JOR,Asia,3.684387934
KAZ,Asia,3.684387934
KEN,Africa,87.12096434
KWT,Asia,3.840729118
KGZ,Asia,4.168068955
LAO,Asia,53.27065106
LVA,Europe,37.6236428
LBN,Asia,3.684387934
LSO,Africa,62.5
LBR,Africa,62.5
LBY,Africa,87.26446824
LTU,Europe,37.52916016
MDG,Africa,62.40339381
MWI,Africa,62.57214818
MYS,Asia,3.541735311
MLI,Africa,62.52363149
MEX,N America,87.27700215
MNE,Europe,38.01694589
MAR,Africa,87.31877672
MOZ,Africa,62.42687672
MMR,Asia,53.2681127
NAM,Africa,87.22826259
NPL,Asia,53.00345483
NLD,Europe,37.96087914
NCL,Oceania,50.72873008
NZL,Oceania,46.43257774
NIC,C&S America,87.31693486
NER,Africa,62.5
NGA,Africa,87.19000458
MKD,Europe,37.82657833
NOR,Europe,37.39158116
OMN,Asia,-105.1749427
PAK,Asia,3.684387934
PSE,Asia,3.519069631
PAN,C&S America,60.53551212
PNG,Oceania,50.66404219
PRY,C&S America,60.75033769
PER,C&S America,10.23268601
PHL,Asia,3.834293452
POL,Europe,37.63567523
PRT,Europe,37.78799838
PRI,N America,60.95222074
QAT,Asia,3.684387934
KOR,Asia,3.684387934
MDA,Europe,37.61170942
ROU,Europe,37.66003109
RUS,Europe,37.78267093
RWA,Africa,62.33707456
SAU,Asia,3.684387934
SEN,Africa,62.29669919
SRB,Europe,37.67648708
SLE,Africa,62.31790687
SVK,Europe,37.56820444
SVN,Europe,37.8645144
SLB,Oceania,127.5067291
ZAF,Africa,87.23441346
SSD,Africa,62.5
ESP,Europe,37.66436797
LKA,Asia,3.277077439
SDN,Africa,62.5
SUR,C&S America,61.09292935
SWE,Europe,38.07948237
CHE,Europe,37.48646312
SYR,Asia,3.684387934
TJK,Asia,3.684387934
THA,Asia,46.98037397
TLS,Asia,53.21332441
TGO,Africa,62.5
TTO,C&S America,61.0249354
TUN,Africa,87.32126864
TUR,Asia,3.485953346
TKM,Asia,3.684387934
UGA,Africa,62.61906137
UKR,Europe,37.80210175
ARE,Asia,-12.02441696
GBR,Europe,37.92314118
TZA,Africa,62.40014347
USA,N America,46.81054544
URY,C&S America,61.0432673
UZB,Asia,3.468670843
VUT,Oceania,57.60702089
VEN,C&S America,60.89885021
VNM,Asia,3.834293452
ZMB,Africa,62.53821777
ZWE,Africa,87.20606124
