Country,Continent,Score
AFG,Asia,87.47963733
ALB,Europe,70.45757439
DZA,Africa,79.28346599
AGO,Africa,39.79305707
ARG,C&S America,88.69597979
ARM,Asia,94.92153785
AUS,Oceania,82.1737522
AUT,Europe,95.97119895
AZE,Asia,90.08949625
BHS,N America,95.80167207
BGD,Asia,79.87912826
BLR,Europe,88.20995943
BEL,Europe,84.73997061
BLZ,C&S America,89.80074916
BEN,Africa,60.11199824
BTN,Asia,88.56240456
BOL,C&S America,90.96252774
BIH,Europe,96.71495191
BWA,Africa,39.79305707
BRA,C&S America,59.29874727
BRN,Asia,88.62554167
BGR,Europe,76.32513016
BFA,Africa,53.34322942
BDI,Africa,42.57361373
KHM,Asia,80.4585273
CMR,Africa,60.29354093
CAN,N America,75.73317538
CAF,Africa,58.69513599
TCD,Africa,50.36880147
CHL,C&S America,68.15552566
CHN,Asia,57.46767975
COL,C&S America,61.45268514
COG,Africa,50.32749007
CRI,C&S America,50.278093
CIV,Africa,46.01647589
HRV,Europe,76.37853717
CUB,N America,83.97302952
CYP,Asia,79.18277903
CZE,Europe,87.92334094
PRK,Asia,9.530646322
COD,Africa,40.87286284
DNK,Europe,86.36671227
DOM,N America,67.1069545
ECU,C&S America,94.27850098
EGY,Africa,54.93027917
SLV,C&S America,47.16706339
CNQ,Africa,66.76120519
EST,Europe,97.75272909
SWZ,Africa,39.79305707
ETH,Africa,51.77550628
FJI,Oceania,55.79551846
FIN,Europe,99.84725611
FRA,Europe,16.89804334
GAB,Africa,43.8791401
GMB,Africa,15.58630338
GEO,Asia,95.02485386
DEU,Europe,46.76413797
GHA,Africa,43.31494123
GRC,Europe,65.11646797
GTM,N America,74.24071886
GIN,Africa,57.83466695
GNB,Africa,39.79305707
GUY,C&S America,88.12584345
HTI,N America,43.98146364
HND,N America,66.93569359
HUN,Europe,86.78534558
ISL,Europe,98.99927419
IND,Asia,87.29750992
IDN,Asia,79.46557549
IRN,Asia,93.0294733
IRQ,Asia,87.40037982
IRL,Europe,29.53853245
ISR,Asia,65.56826706
ITA,Europe,28.88439411
JAM,N America,51.02152559
JPN,Asia,32.48206633
JOR,Asia,73.08238789
KAZ,Asia,88.62086411
KEN,Africa,49.69108098
KWT,Asia,41.90560066
KGZ,Asia,92.21776201
LAO,Asia,73.06480483
LVA,Europe,88.44559299
LBN,Asia,98.92034041
LSO,Africa,100
LBR,Africa,42.60223917
LBY,Africa,39.79305707
LTU,Europe,87.40604033
MDG,Africa,77.72053439
MWI,Africa,42.26299107
MYS,Asia,71.83397631
MLI,Africa,46.51779696
MEX,N America,79.18608774
MNE,Europe,73.77438245
MAR,Africa,44.89135971
MOZ,Africa,39.79305707
MMR,Asia,85.53748008
NAM,Africa,0
NPL,Asia,86.44231298
NLD,Europe,2.012067207
NCL,Oceania,95.66546192
NZL,Oceania,9.780386216
NIC,C&S America,95.78266583
NER,Africa,55.20342731
NGA,Africa,81.66619401
MKD,Europe,97.41134818
NOR,Europe,99.82856043
OMN,Asia,70.18869496
PAK,Asia,87.29196983
PSE,Asia,66.63400795
PAN,C&S America,89.93463103
PNG,Oceania,54.69863482
PRY,C&S America,58.00986386
PER,C&S America,73.38526036
PHL,Asia,74.79053723
POL,Europe,92.05462572
PRT,Europe,22.289809
PRI,N America,86.88230013
QAT,Asia,39.79305707
KOR,Asia,11.88170903
MDA,Europe,87.37084312
ROU,Europe,89.87129509
RUS,Europe,87.63087768
RWA,Africa,44.30492347
SAU,Asia,87.86156148
SEN,Africa,10.52612664
SRB,Europe,90.58333737
SLE,Africa,42.43699303
SVK,Europe,92.18582982
SVN,Europe,63.51994464
SLB,Oceania,39.79305707
ZAF,Africa,33.52773485
SSD,Africa,43.8791401
ESP,Europe,10.77457274
LKA,Asia,66.43628494
SDN,Africa,48.78243978
SUR,C&S America,83.16376132
SWE,Europe,83.6017767
CHE,Europe,95.33419925
SYR,Asia,70.75512296
TJK,Asia,87.5568102
THA,Asia,71.18803847
TLS,Asia,53.74429395
TGO,Africa,41.65292927
TTO,C&S America,51.8593425
TUN,Africa,78.51583096
TUR,Asia,86.40215144
TKM,Asia,86.73527752
UGA,Africa,54.37420184
UKR,Europe,87.142531
ARE,Asia,80.05735551
GBR,Europe,88.19375362
TZA,Africa,53.65367117
USA,N America,51.50680747
URY,C&S America,84.73997061
UZB,Asia,86.89622752
VUT,Oceania,74.87750321
VEN,C&S America,93.90534863
VNM,Asia,84.27654385
ZMB,Africa,39.96928566
ZWE,Africa,40.06689943
