Country,Continent,Score
AFG,Asia,52.74484406
ALB,Europe,15.06958616
DZA,Africa,23.58018044
AGO,Africa,63.34411114
ARG,C&S America,14.04535919
ARM,Asia,21.33621229
AUS,Oceania,30.79918773
AUT,Europe,35.83820485
AZE,Asia,55.0132053
BHS,N America,35.81758311
BGD,Asia,49.17105873
BLR,Europe,51.90469012
BEL,Europe,-1.113977689
BLZ,C&S America,38.76685399
BEN,Africa,57.58717175
BTN,Asia,54.62775766
BOL,C&S America,18.11124292
BIH,Europe,33.23068761
BWA,Africa,63.34411114
BRA,C&S America,42.99781713
BRN,Asia,5.971744432
BGR,Europe,66.78782316
BFA,Africa,59.00928154
BDI,Africa,62.58732281
KHM,Asia,40.46557603
CMR,Africa,57.18611287
CAN,N America,52.2255739
CAF,Africa,54.02286198
TCD,Africa,54.26720488
CHL,C&S America,61.60169834
CHN,Asia,80.88771761
COL,C&S America,44.61940182
COG,Africa,60.3685765
CRI,C&S America,56.02583045
CIV,Africa,57.03570964
HRV,Europe,-17.24114429
CUB,N America,71.28869089
CYP,Asia,-39.43425112
CZE,Europe,51.03871398
PRK,Asia,129.0861407
COD,Africa,62.02873277
DNK,Europe,48.17146758
DOM,N America,38.71773707
ECU,C&S America,36.55599976
EGY,Africa,47.14796702
SLV,C&S America,59.87006159
CNQ,Africa,31.57092106
EST,Europe,30.29747997
SWZ,Africa,63.34411114
ETH,Africa,60.52946483
FJI,Oceania,55.47938885
FIN,Europe,34.64461089
FRA,Europe,120.3777906
GAB,Africa,62.18996438
GMB,Africa,111.936075
GEO,Asia,46.35822954
DEU,Europe,87.8972919
GHA,Africa,61.44602566
GRC,Europe,-7.507024394
GTM,N America,46.42498945
GIN,Africa,41.88857914
GNB,Africa,63.34411114
GUY,C&S America,27.51699415
HTI,N America,62.09374967
HND,N America,50.00433216
HUN,Europe,53.05735879
ISL,Europe,23.76356061
IND,Asia,44.74397398
IDN,Asia,44.14058426
IRN,Asia,50.29981981
IRQ,Asia,56.28198214
IRL,Europe,105.8905578
ISR,Asia,36.15196496
ITA,Europe,99.44399383
JAM,N America,60.16170783
JPN,Asia,69.04234181
JOR,Asia,56.00793736
KAZ,Asia,39.92447513
KEN,Africa,60.19835162
KWT,Asia,57.76680193
KGZ,Asia,57.76226684
LAO,Asia,61.37399012
LVA,Europe,36.61831622
LBN,Asia,36.14237112
LSO,Africa,35.7235299
LBR,Africa,62.55063524
LBY,Africa,63.34411114
LTU,Europe,49.34585028
MDG,Africa,44.62728557
MWI,Africa,62.57882435
MYS,Asia,37.52916464
MLI,Africa,61.2794656
MEX,N America,43.2906379
MNE,Europe,52.29108319
MAR,Africa,61.73966323
MOZ,Africa,63.34411114
MMR,Asia,52.49642614
NAM,Africa,136.7790796
NPL,Asia,62.5
NLD,Europe,135.9149566
NCL,Oceania,35.20164281
NZL,Oceania,128.6551025
NIC,C&S America,35.82692414
NER,Africa,58.99132903
NGA,Africa,43.57182608
MKD,Europe,28.27776231
NOR,Europe,24.5159917
OMN,Asia,-16.90316857
PAK,Asia,59.11824796
PSE,Asia,10.40246431
PAN,C&S America,18.74303221
PNG,Oceania,58.84982745
PRY,C&S America,41.57718279
PER,C&S America,60.58784261
PHL,Asia,46.64602678
POL,Europe,43.33596345
PRT,Europe,90.1095546
PRI,N America,30.0788914
QAT,Asia,63.34411114
KOR,Asia,111.4793749
MDA,Europe,75.91831972
ROU,Europe,63.23065161
RUS,Europe,56.68643716
RWA,Africa,59.16007259
SAU,Asia,30.33821597
SEN,Africa,118.5576042
SRB,Europe,50.69164727
SLE,Africa,62.59731029
SVK,Europe,44.27595836
SVN,Europe,65.74654207
SLB,Oceania,63.34411114
ZAF,Africa,101.2948465
SSD,Africa,62.18996438
ESP,Europe,114.6535646
LKA,Asia,52.36525229
SDN,Africa,60.80498825
SUR,C&S America,8.438592063
SWE,Europe,51.06619621
CHE,Europe,29.08261495
SYR,Asia,55.933426
TJK,Asia,69.81776608
THA,Asia,50.59761487
TLS,Asia,58.90033596
TGO,Africa,62.81877537
TTO,C&S America,59.93589249
TUN,Africa,-35.89093287
TUR,Asia,-12.00121139
TKM,Asia,50.3937219
UGA,Africa,59.23090668
UKR,Europe,62.92659192
ARE,Asia,-28.8872908
GBR,Europe,38.30195513
TZA,Africa,58.63203654
USA,N America,83.28437922
URY,C&S America,1.937635155
UZB,Asia,63.81537071
VUT,Oceania,46.10117463
VEN,C&S America,29.83805429
VNM,Asia,37.5
ZMB,Africa,63.30433073
ZWE,Africa,63.22209043
