Country,Code,Score
Afghanistan,AFG,43.91898339
Albania,ALB,43.8861907
Algeria,DZA,46.07073271
Angola,AGO,44.8885041
Argentina,ARG,55.9819824
Armenia,ARM,52.92800708
Australia,AUS,68.53389545
Austria,AUT,64.92788458
Azerbaijan,AZE,44.88051975
Bahamas,BHS,89.61717454
Bangladesh,BGD,43.2278017
Belarus,BLR,47.01781277
Belgium,BEL,51.75539497
Belize,BLZ,49.13744477
Benin,BEN,44.11718416
Bhutan,BTN,48.2583805
Bolivia (Plurinational State of),BOL,53.50079445
Bosnia and Herzegovina,BIH,55.57398653
Botswana,BWA,45.95565412
Brazil,BRA,45.88278117
Brunei Darussalam,BRN,30.99056641
Bulgaria,BGR,60.60938938
Burkina Faso,BFA,41.83013261
Burundi,BDI,38.58753878
Cambodia,KHM,44.5448155
Cameroon,CMR,47.458888
Canada,CAN,67.28806887
Central African Republic,CAF,43.27901512
Chad,TCD,38.5774877
Chile,CHL,74.33180048
China,CHN,62.65536671
Colombia,COL,38.74900336
Congo,COG,41.28149339
Democratic Republic of the Congo,COD,42.15892214
Costa Rica,CRI,50.5130423
Croatia,HRV,32.61104012
Cuba,CUB,55.87336147
Cyprus,CYP,37.55752117
Czechia,CZE,46.51047879
Cote d'Ivoire,CIV,44.21014378
Denmark,DNK,64.18645221
Dominican Republic,DOM,43.00780521
Ecuador,ECU,55.23701655
Egypt,EGY,37.56335478
El Salvador,SLV,43.60334561
Equatorial Guinea,CNQ,48.01787563
Estonia,EST,61.15111164
Eswatini,SWZ,39.62782446
Ethiopia,ETH,37.87023235
Fiji,FJI,40.87974505
Finland,FIN,64.20383466
France,FRA,86.01997995
Gabon,GAB,44.01116604
Gambia,GMB,67.92255013
Georgia,GEO,53.93095614
Germany,DEU,72.4803336
Ghana,GHA,37.63409032
Greece,GRC,33.7748787
Guatemala,GTM,50.83647167
Guinea,GIN,43.4680658
Guinea-Bissau,GNB,38.28332786
Guyana,GUY,47.80678363
Haiti,HTI,41.28726848
Honduras,HND,47.69647777
Hungary,HUN,46.87078158
Iceland,ISL,60.03705185
India,IND,37.57532206
Indonesia,IDN,31.87664941
Iran (Islamic Republic of),IRN,49.77514972
Iraq,IRQ,45.49278762
Ireland,IRL,83.81368575
Israel,ISR,45.50463275
Italy,ITA,75.76310606
Jamaica,JAM,48.11705214
Japan,JPN,72.63978931
Jordan,JOR,54.16285517
Kazakhstan,KAZ,48.03885805
Kenya,KEN,45.33317559
Democratic People's Republic of Korea,PRK,73.81318329
Republic of Korea,KOR,76.06159008
Kuwait,KWT,37.9520979
Kyrgyzstan,KGZ,52.20603656
Lao People's Democratic Republic,LAO,42.69087905
Latvia,LVA,44.24864969
Lebanon,LBN,56.90209126
Lesotho,LSO,79.13761685
Liberia,LBR,37.59444131
Libya,LBY,41.4139104
Lithuania,LTU,46.61780425
Madagascar,MDG,53.0078188
Malawi,MWI,44.50116707
Malaysia,MYS,37.58398472
Mali,MLI,41.48007578
Mexico,MEX,51.4710592
Republic of Moldova,MDA,56.37569965
Montenegro,MNE,64.3785964
Morocco,MAR,69.50248745
Mozambique,MOZ,43.27671482
Myanmar,MMR,41.17900614
Namibia,NAM,92.44859067
Nepal,NPL,48.94910755
Netherlands,NLD,83.94206014
New Caledonia,NCL,55.81913996
New Zealand,NZL,97.7512388
Nicaragua,NIC,49.86115616
Niger,NER,45.25108229
Nigeria,NGA,50.07346642
North Macedonia,MKD,58.11537975
Norway,NOR,59.86615355
Oman,OMN,18.45519542
Pakistan,PAK,40.27862651
Palestine,PSE,45.76306094
Panama,PAN,45.46837295
Papua New Guinea,PNG,44.77753213
Paraguay,PRY,46.33776949
Peru,PER,55.83883971
Philippines,PHL,30.11370509
Poland,POL,52.80064927
Portugal,PRT,76.75503181
Puerto Rico,PRI,75.11709528
Qatar,QAT,33.82052459
Romania,ROU,57.09322468
Russian Federation,RUS,58.16619752
Rwanda,RWA,40.4418766
Saudi Arabia,SAU,42.68465232
Senegal,SEN,74.92198798
Serbia,SRB,49.4778531
Sierra Leone,SLE,36.2748629
Slovakia,SVK,52.9344592
Slovenia,SVN,66.3912333
Solomon Islands,SLB,46.84234666
South Africa,ZAF,102.7331132
South Sudan,SSD,40.66069043
Spain,ESP,75.71515718
Sri Lanka,LKA,33.17900728
Sudan,SDN,39.26801286
Suriname,SUR,51.10879352
Sweden,SWE,66.40162841
Switzerland,CHE,87.08294937
Syrian Arab Republic,SYR,38.59707263
Tajikistan,TJK,48.49318968
United Republic of Tanzania,TZA,42.44441308
Thailand,THA,42.00988818
Timor-Leste,TLS,39.89806721
Togo,TGO,38.80174709
Trinidad and Tobago,TTO,49.99828106
Tunisia,TUN,37.15310568
Turkey,TUR,36.50373419
Turkmenistan,TKM,49.0686013
Uganda,UGA,40.92220911
Ukraine,UKR,52.72390756
United Arab Emirates,ARE,34.9947613
United Kingdom,GBR,65.2634054
United States of America,USA,62.68673178
Uruguay,URY,117.7672297
Uzbekistan,UZB,47.49010456
Vanuatu,VUT,45.08837379
Venezuela (Bolivarian Republic of),VEN,49.51580235
Viet Nam,VNM,38.98762581
Zambia,ZMB,38.18322829
Zimbabwe,ZWE,42.86619873
