Continent,Interval,Score
Africa,0-25,0
Africa,25-50,82.22222222
Africa,50-75,11.11111111
Africa,75-100,4.444444444
Africa,>100,2.222222222
Asia,0-25,2.325581395
Asia,25-50,76.74418605
Asia,50-75,18.60465116
Asia,75-100,2.325581395
Asia,>100,0
C&S America,0-25,0
C&S America,25-50,55.55555556
C&S America,50-75,38.88888889
C&S America,75-100,0
C&S America,>100,5.555555556
Europe,0-25,0
Europe,25-50,24.32432432
Europe,50-75,56.75675676
Europe,75-100,18.91891892
Europe,>100,0
N America,0-25,0
N America,25-50,36.36363636
N America,50-75,45.45454545
N America,75-100,18.18181818
N America,>100,0
Oceania,0-25,0
Oceania,25-50,57.14285714
Oceania,50-75,28.57142857
Oceania,75-100,14.28571429
Oceania,>100,0
