Country,Code,Score
Afghanistan,AFG,35.82430263
Albania,ALB,64.12301019
Algeria,DZA,58.34003916
Angola,AGO,40.98971339
Argentina,ARG,49.20171933
Armenia,ARM,42.91610898
Australia,AUS,55.05633623
Austria,AUT,49.99675074
Azerbaijan,AZE,21.77398223
Bahamas,BHS,28.90128513
Bangladesh,BGD,38.30387252
Belarus,BLR,26.29560217
Belgium,BEL,34.31686285
Belize,BLZ,36.83557109
Benin,BEN,37.23483872
Bhutan,BTN,37.37157335
Bolivia (Plurinational State of),BOL,52.15769736
Bosnia and Herzegovina,BIH,51.95093434
Botswana,BWA,49.70799889
Brazil,BRA,45.73154569
Brunei Darussalam,BRN,18.51837226
Bulgaria,BGR,48.23975248
Burkina Faso,BFA,36.6584885
Burundi,BDI,34.94810987
Cambodia,KHM,37.40299988
Cameroon,CMR,45.71659007
Canada,CAN,54.50704613
Central African Republic,CAF,36.21642196
Chad,TCD,37.87542796
Chile,CHL,70.62139904
China,CHN,67.15690947
Colombia,COL,20.91837512
Congo,COG,43.4292589
Costa Rica,CRI,45.86700844
Cote d'Ivoire,CIV,44.91141123
Croatia,HRV,50.90568385
Cuba,CUB,43.97353709
Cyprus,CYP,65.56981287
Czechia,CZE,25.38653233
Democratic People's Republic of Korea,PRK,74.30657881
Democratic Republic of the Congo,COD,41.11418664
Denmark,DNK,62.18591942
Dominican Republic,DOM,40.99419397
Ecuador,ECU,45.16642803
Egypt,EGY,46.5080221
El Salvador,SLV,34.77727908
Equatorial Guinea,CNQ,49.5648128
Estonia,EST,54.73161213
Eswatini,SWZ,49.30102653
Ethiopia,ETH,40.83521811
Fiji,FJI,28.66685667
Finland,FIN,58.10302686
France,FRA,87.5136104
Gabon,GAB,43.53802402
Gambia,GMB,76.68514894
Georgia,GEO,36.16360901
Germany,DEU,70.17881633
Ghana,GHA,43.40457131
Greece,GRC,61.45949893
Guatemala,GTM,38.06301519
Guinea,GIN,41.51016113
Guinea-Bissau,GNB,34.75978232
Guyana,GUY,34.64330243
Haiti,HTI,33.40047169
Honduras,HND,35.10736678
Hungary,HUN,26.36834657
Iceland,ISL,50.96307056
India,IND,22.65684948
Indonesia,IDN,12.58890769
Iran (Islamic Republic of),IRN,31.84488449
Iraq,IRQ,12.22417001
Ireland,IRL,80.17148938
Israel,ISR,44.63001962
Italy,ITA,79.60422509
Jamaica,JAM,36.19093787
Japan,JPN,86.37275523
Jordan,JOR,14.29102931
Kazakhstan,KAZ,28.15933782
Kenya,KEN,44.86808158
Kuwait,KWT,16.28458569
Kyrgyzstan,KGZ,29.93591289
Lao People's Democratic Republic,LAO,34.55594483
Latvia,LVA,31.11728548
Lebanon,LBN,45.70505207
Lesotho,LSO,66.25933989
Liberia,LBR,35.20000644
Libya,LBY,49.30102653
Lithuania,LTU,26.04778793
Madagascar,MDG,35.82172318
Malawi,MWI,41.19456045
Malaysia,MYS,28.99106748
Mali,MLI,35.41800039
Mexico,MEX,50.44565924
Montenegro,MNE,66.39418663
Morocco,MAR,77.56083089
Mozambique,MOZ,41.03820509
Myanmar,MMR,33.34382527
Namibia,NAM,105.3794036
Nepal,NPL,36.59426814
Netherlands,NLD,91.04047779
New Caledonia,NCL,26.02806885
New Zealand,NZL,94.62623058
Nicaragua,NIC,45.10914565
Niger,NER,36.68180582
Nigeria,NGA,48.69782882
North Macedonia,MKD,53.92846646
Norway,NOR,47.07083792
Oman,OMN,5.09647788
Pakistan,PAK,21.78686163
Palestine,PSE,35.86503176
Panama,PAN,37.97202141
Papua New Guinea,PNG,32.66724751
Paraguay,PRY,36.32726317
Peru,PER,45.27766803
Philippines,PHL,4.787821738
Poland,POL,37.69517186
Portugal,PRT,80.92423036
Puerto Rico,PRI,33.28596293
Qatar,QAT,15.20184463
Republic of Korea,KOR,74.84580897
Republic of Moldova,MDA,31.13217163
Romania,ROU,36.04449061
Russian Federation,RUS,39.03386114
Rwanda,RWA,35.58294309
Saudi Arabia,SAU,19.49055102
Senegal,SEN,81.78603049
Serbia,SRB,32.72534601
Sierra Leone,SLE,35.03463598
Slovakia,SVK,42.46423692
Slovenia,SVN,66.25137896
Solomon Islands,SLB,63.46237162
South Africa,ZAF,96.87232201
South Sudan,SSD,34.77991682
Spain,ESP,88.58521435
Sri Lanka,LKA,19.77808022
Sudan,SDN,35.90065699
Suriname,SUR,41.77763954
Sweden,SWE,64.28449449
Switzerland,CHE,52.70668933
Syrian Arab Republic,SYR,16.77884675
Tajikistan,TJK,20.64313083
United Republic of Tanzania,TZA,35.33156019
Thailand,THA,38.12013128
Timor-Leste,TLS,29.19772777
Togo,TGO,35.12458535
Trinidad and Tobago,TTO,40.6989891
Tunisia,TUN,74.87017512
Turkey,TUR,43.54010485
Turkmenistan,TKM,23.16404855
Uganda,UGA,36.72503381
Ukraine,UKR,30.58673677
United Arab Emirates,ARE,36.45433361
United Kingdom,GBR,52.2998057
United States of America,USA,60.56319853
Uruguay,URY,55.70231802
Uzbekistan,UZB,21.9796775
Vanuatu,VUT,27.58903695
Venezuela (Bolivarian Republic of),VEN,37.33913779
Viet Nam,VNM,23.19439785
Zambia,ZMB,36.46008054
Zimbabwe,ZWE,49.45596696
