Country,Code,Score
Afghanistan,AFG,54.57498748
Albania,ALB,54.47202481
Algeria,DZA,56.50455145
Angola,AGO,47.35734084
Argentina,ARG,85.20222554
Armenia,ARM,71.34738803
Australia,AUS,104.957466
Austria,AUT,95.89374637
Azerbaijan,AZE,57.60365738
Bahamas,BHS,197.5461481
Bangladesh,BGD,52.05585392
Belarus,BLR,55.38886922
Belgium,BEL,97.8379494
Belize,BLZ,66.30693555
Benin,BEN,47.13828101
Bhutan,BTN,60.04014076
Bolivia (Plurinational State of),BOL,75.5673289
Bosnia and Herzegovina,BIH,68.34641509
Botswana,BWA,41.84050538
Brazil,BRA,40.35026308
Brunei Darussalam,BRN,89.79603827
Bulgaria,BGR,53.16398906
Burkina Faso,BFA,41.60876292
Burundi,BDI,34.22711187
Cambodia,KHM,55.88912103
Cameroon,CMR,48.4975688
Canada,CAN,71.70756691
Central African Republic,CAF,49.16090494
Chad,TCD,31.6193011
Chile,CHL,84.4456503
China,CHN,44.39539457
Colombia,COL,46.14423348
Congo,COG,34.32388248
Democratic Republic of the Congo,COD,39.5839434
Costa Rica,CRI,52.54534895
Croatia,HRV,78.1759985
Cuba,CUB,48.25985864
Cyprus,CYP,77.10570589
Czechia,CZE,56.11496603
Cote d'Ivoire,CIV,42.96953599
Denmark,DNK,64.4527279
Dominican Republic,DOM,50.11758835
Ecuador,ECU,77.5071462
Egypt,EGY,29.58289756
El Salvador,SLV,37.93091017
Equatorial Guinea,CNQ,57.18888935
Estonia,EST,79.63349409
Eswatini,SWZ,23.26398876
Ethiopia,ETH,25.88775314
Fiji,FJI,50.72769093
Finland,FIN,81.73119225
France,FRA,34.77664614
Gabon,GAB,41.75290699
Gambia,GMB,11.05598227
Georgia,GEO,65.1492436
Germany,DEU,45.70295727
Ghana,GHA,23.31621188
Greece,GRC,60.48252964
Guatemala,GTM,65.19651365
Guinea,GIN,48.69965674
Guinea-Bissau,GNB,33.71744076
Guyana,GUY,67.88422134
Haiti,HTI,31.00819249
Honduras,HND,56.35422206
Hungary,HUN,56.08651817
Iceland,ISL,84.87663268
India,IND,51.92363714
Indonesia,IDN,50.29078976
Iran (Islamic Republic of),IRN,66.57019176
Iraq,IRQ,74.77814539
Ireland,IRL,47.70369739
Israel,ISR,61.09653037
Italy,ITA,34.96326403
Jamaica,JAM,49.17930851
Japan,JPN,53.40809389
Jordan,JOR,102.7403371
Kazakhstan,KAZ,71.15654523
Kenya,KEN,44.01509965
Democratic People's Republic of Korea,PRK,7.223348938
Republic of Korea,KOR,30.19302459
Kuwait,KWT,55.80436586
Kyrgyzstan,KGZ,62.03130329
Lao People's Democratic Republic,LAO,42.36341502
Latvia,LVA,58.99832525
Lebanon,LBN,66.18356215
Lesotho,LSO,116.1547548
Liberia,LBR,30.98836847
Libya,LBY,29.05666598
Lithuania,LTU,65.64699701
Madagascar,MDG,95.59481827
Malawi,MWI,45.79552625
Malaysia,MYS,56.33785203
Mali,MLI,42.31322885
Mexico,MEX,57.27142788
Republic of Moldova,MDA,53.058623
Montenegro,MNE,61.24024387
Morocco,MAR,60.28301551
Mozambique,MOZ,42.42559252
Myanmar,MMR,47.45076265
Namibia,NAM,23.68368793
Nepal,NPL,56.55680645
Netherlands,NLD,10.37025533
New Caledonia,NCL,123.8381909
New Zealand,NZL,52.41453113
Nicaragua,NIC,62.0169447
Niger,NER,51.41000041
Nigeria,NGA,55.8964249
North Macedonia,MKD,75.09892837
Norway,NOR,86.89110524
Oman,OMN,63.71251837
Pakistan,PAK,48.40916502
Palestine,PSE,91.38727463
Panama,PAN,76.40698076
Papua New Guinea,PNG,52.60675263
Paraguay,PRY,52.98691216
Peru,PER,59.23328863
Philippines,PHL,48.47388479
Poland,POL,63.8094234
Portugal,PRT,54.61195558
Puerto Rico,PRI,150.1446454
Qatar,QAT,40.37569045
Romania,ROU,60.32097779
Russian Federation,RUS,65.75130411
Rwanda,RWA,40.32005587
Saudi Arabia,SAU,91.37585388
Senegal,SEN,19.67059457
Serbia,SRB,62.99686227
Sierra Leone,SLE,27.24534
Slovakia,SVK,61.37144396
Slovenia,SVN,52.6067251
Solomon Islands,SLB,28.73960647
South Africa,ZAF,95.02758658
South Sudan,SSD,41.08708202
Spain,ESP,12.63413368
Sri Lanka,LKA,45.29126415
Sudan,SDN,35.81516223
Suriname,SUR,78.40401908
Sweden,SWE,65.47259562
Switzerland,CHE,161.3694103
Syrian Arab Republic,SYR,53.00925917
Tajikistan,TJK,57.23866214
United Republic of Tanzania,TZA,45.95286934
Thailand,THA,51.68233541
Timor-Leste,TLS,46.01965895
Togo,TGO,34.78513375
Trinidad and Tobago,TTO,50.55124756
Tunisia,TUN,63.01733435
Turkey,TUR,63.15952836
Turkmenistan,TKM,71.55134674
Uganda,UGA,38.45995221
Ukraine,UKR,54.41386389
United Arab Emirates,ARE,88.9395596
United Kingdom,GBR,85.0013966
United States of America,USA,39.09628778
Uruguay,URY,265.3774362
Uzbekistan,UZB,54.60340616
Vanuatu,VUT,64.747989
Venezuela (Bolivarian Republic of),VEN,70.80688004
Viet Nam,VNM,61.19711472
Zambia,ZMB,31.7477997
Zimbabwe,ZWE,32.64833936
