Country,Code,Continent,Score
Algeria,DZA,Africa,46.07073271
Angola,AGO,Africa,44.8885041
Benin,BEN,Africa,44.11718416
Botswana,BWA,Africa,45.95565412
Burkina Faso,BFA,Africa,41.83013261
Burundi,BDI,Africa,38.58753878
Cameroon,CMR,Africa,47.458888
Central African Republic,CAF,Africa,43.27901512
Chad,TCD,Africa,38.5774877
Congo,COG,Africa,41.28149339
Democratic Republic of the Congo,COD,Africa,42.15892214
Cote d'Ivoire,CIV,Africa,44.21014378
Egypt,EGY,Africa,37.56335478
Equatorial Guinea,CNQ,Africa,48.01787563
Eswatini,SWZ,Africa,39.62782446
Ethiopia,ETH,Africa,37.87023235
Gabon,GAB,Africa,44.01116604
Gambia,GMB,Africa,67.92255013
Ghana,GHA,Africa,37.63409032
Guinea,GIN,Africa,43.4680658
Guinea-Bissau,GNB,Africa,38.28332786
Kenya,KEN,Africa,45.33317559
Lesotho,LSO,Africa,79.13761685
Liberia,LBR,Africa,37.59444131
Libya,LBY,Africa,41.4139104
Madagascar,MDG,Africa,53.0078188
Malawi,MWI,Africa,44.50116707
Mali,MLI,Africa,41.48007578
Morocco,MAR,Africa,69.50248745
Mozambique,MOZ,Africa,43.27671482
Namibia,NAM,Africa,92.44859067
Niger,NER,Africa,45.25108229
Nigeria,NGA,Africa,50.07346642
Rwanda,RWA,Africa,40.4418766
Senegal,SEN,Africa,74.92198798
Sierra Leone,SLE,Africa,36.2748629
South Africa,ZAF,Africa,102.7331132
South Sudan,SSD,Africa,40.66069043
Sudan,SDN,Africa,39.26801286
United Republic of Tanzania,TZA,Africa,42.44441308
Togo,TGO,Africa,38.80174709
Tunisia,TUN,Africa,37.15310568
Uganda,UGA,Africa,40.92220911
Zambia,ZMB,Africa,38.18322829
Zimbabwe,ZWE,Africa,42.86619873
Afghanistan,AFG,Asia,43.91898339
Armenia,ARM,Asia,52.92800708
Azerbaijan,AZE,Asia,44.88051975
Bangladesh,BGD,Asia,43.2278017
Bhutan,BTN,Asia,48.2583805
Brunei Darussalam,BRN,Asia,30.99056641
Cambodia,KHM,Asia,44.5448155
China,CHN,Asia,62.65536671
Cyprus,CYP,Asia,37.55752117
Georgia,GEO,Asia,53.93095614
India,IND,Asia,37.57532206
Indonesia,IDN,Asia,31.87664941
Iran (Islamic Republic of),IRN,Asia,49.77514972
Iraq,IRQ,Asia,45.49278762
Israel,ISR,Asia,45.50463275
Japan,JPN,Asia,72.63978931
Jordan,JOR,Asia,54.16285517
Kazakhstan,KAZ,Asia,48.03885805
Democratic People's Republic of Korea,PRK,Asia,73.81318329
Republic of Korea,KOR,Asia,76.06159008
Kuwait,KWT,Asia,37.9520979
Kyrgyzstan,KGZ,Asia,52.20603656
Lao People's Democratic Republic,LAO,Asia,42.69087905
Lebanon,LBN,Asia,56.90209126
Malaysia,MYS,Asia,37.58398472
Myanmar,MMR,Asia,41.17900614
Nepal,NPL,Asia,48.94910755
Oman,OMN,Asia,18.45519542
Pakistan,PAK,Asia,40.27862651
Palestine,PSE,Asia,45.76306094
Philippines,PHL,Asia,30.11370509
Qatar,QAT,Asia,33.82052459
Saudi Arabia,SAU,Asia,42.68465232
Sri Lanka,LKA,Asia,33.17900728
Syrian Arab Republic,SYR,Asia,38.59707263
Tajikistan,TJK,Asia,48.49318968
Thailand,THA,Asia,42.00988818
Timor-Leste,TLS,Asia,39.89806721
Turkey,TUR,Asia,36.50373419
Turkmenistan,TKM,Asia,49.0686013
United Arab Emirates,ARE,Asia,34.9947613
Uzbekistan,UZB,Asia,47.49010456
Viet Nam,VNM,Asia,38.98762581
Argentina,ARG,C&S America,55.9819824
Belize,BLZ,C&S America,49.13744477
Bolivia (Plurinational State of),BOL,C&S America,53.50079445
Brazil,BRA,C&S America,45.88278117
Chile,CHL,C&S America,74.33180048
Colombia,COL,C&S America,38.74900336
Costa Rica,CRI,C&S America,50.5130423
Cuba,CUB,N America,55.87336147
Ecuador,ECU,C&S America,55.23701655
El Salvador,SLV,C&S America,43.60334561
Guyana,GUY,C&S America,47.80678363
Nicaragua,NIC,C&S America,49.86115616
Panama,PAN,C&S America,45.46837295
Paraguay,PRY,C&S America,46.33776949
Peru,PER,C&S America,55.83883971
Suriname,SUR,C&S America,51.10879352
Trinidad and Tobago,TTO,C&S America,49.99828106
Uruguay,URY,C&S America,117.7672297
Venezuela (Bolivarian Republic of),VEN,C&S America,49.51580235
Albania,ALB,Europe,43.8861907
Austria,AUT,Europe,64.92788458
Belarus,BLR,Europe,47.01781277
Belgium,BEL,Europe,51.75539497
Bosnia and Herzegovina,BIH,Europe,55.57398653
Bulgaria,BGR,Europe,60.60938938
Croatia,HRV,Europe,32.61104012
Czechia,CZE,Europe,46.51047879
Denmark,DNK,Europe,64.18645221
Estonia,EST,Europe,61.15111164
Finland,FIN,Europe,64.20383466
France,FRA,Europe,86.01997995
Germany,DEU,Europe,72.4803336
Greece,GRC,Europe,33.7748787
Hungary,HUN,Europe,46.87078158
Iceland,ISL,Europe,60.03705185
Ireland,IRL,Europe,83.81368575
Italy,ITA,Europe,75.76310606
Latvia,LVA,Europe,44.24864969
Lithuania,LTU,Europe,46.61780425
Republic of Moldova,MDA,Europe,56.37569965
Montenegro,MNE,Europe,64.3785964
Netherlands,NLD,Europe,83.94206014
North Macedonia,MKD,Europe,58.11537975
Norway,NOR,Europe,59.86615355
Poland,POL,Europe,52.80064927
Portugal,PRT,Europe,76.75503181
Romania,ROU,Europe,57.09322468
Russian Federation,RUS,Europe,58.16619752
Serbia,SRB,Europe,49.4778531
Slovakia,SVK,Europe,52.9344592
Slovenia,SVN,Europe,66.3912333
Spain,ESP,Europe,75.71515718
Sweden,SWE,Europe,66.40162841
Switzerland,CHE,Europe,87.08294937
Ukraine,UKR,Europe,52.72390756
United Kingdom,GBR,Europe,65.2634054
Bahamas,BHS,N America,89.61717454
Canada,CAN,N America,67.28806887
Dominican Republic,DOM,N America,43.00780521
Guatemala,GTM,N America,50.83647167
Haiti,HTI,N America,41.28726848
Honduras,HND,N America,47.69647777
Jamaica,JAM,N America,48.11705214
Mexico,MEX,N America,51.4710592
Puerto Rico,PRI,N America,75.11709528
United States of America,USA,N America,62.68673178
Australia,AUS,Oceania,68.53389545
Fiji,FJI,Oceania,40.87974505
New Caledonia,NCL,Oceania,55.81913996
New Zealand,NZL,Oceania,97.7512388
Papua New Guinea,PNG,Oceania,44.77753213
Solomon Islands,SLB,Oceania,46.84234666
Vanuatu,VUT,Oceania,45.08837379
