Entity,Code,energy
Afghanistan,AFG,0.024025157
Albania,ALB,0.028913738
Algeria,DZA,0.013
Angola,AGO,0.021028571
Argentina,ARG,0.021464174
Armenia,ARM,0.04
Australia,AUS,0.026342975
Austria,AUT,0.029072682
Azerbaijan,AZE,0.039958159
Bahamas,BHS,0.021929825
Bangladesh,BGD,0.023941909
Belarus,BLR,0.028965517
Belgium,BEL,0.029009009
Belize,BLZ,0.021428571
Benin,BEN,0.020939335
Bhutan,BTN,0.023973214
Bolivia (Plurinational State of),BOL,0.021514286
Bosnia and Herzegovina,BIH,0.029120879
Botswana,BWA,0.012666667
Brazil,BRA,0.014991736
Brunei Darussalam,BRN,0.039910714
Bulgaria,BGR,0.029079755
Burkina Faso,BFA,0.021004902
Burundi,BDI,0.021032258
Cambodia,KHM,0.023968254
Cameroon,CMR,0.012991453
Canada,CAN,0.034031414
Central African Republic,CAF,0.021
Chad,TCD,0.021
Chile,CHL,0.022913386
China,CHN,0.014004283
Colombia,COL,0.043909774
Congo,COG,0.012947368
Costa Rica,CRI,0.013028846
Cote d'Ivoire,CIV,0.013
Croatia,HRV,0.028950276
Cuba,CUB,0.021538462
Cyprus,CYP,0.02
Czechia,CZE,0.028944954
Democratic People's Republic of Korea,PRK,0.040052701
Democratic Republic of the Congo,COD,0.021
Denmark,DNK,0.029120879
Dominican Republic,DOM,0.02152
Ecuador,ECU,0.012981481
Egypt,EGY,0.013012821
El Salvador,SLV,0.021511628
Equatorial Guinea,CNQ,0.013333333
Estonia,EST,0.029025424
Eswatini,SWZ,0.013
Ethiopia,ETH,0.021030303
Fiji,FJI,0.024816327
Finland,FIN,0.028943662
France,FRA,0.029027027
Gabon,GAB,0.012888889
Gambia,GMB,0.021142857
Georgia,GEO,0.040042017
Germany,DEU,0.029005848
Ghana,GHA,0.013002611
Greece,GRC,0.029090909
Guatemala,GTM,0.021519435
Guinea,GIN,0.020960699
Guinea-Bissau,GNB,0.021
Guyana,GUY,0.021498371
Haiti,HTI,0.0225
Honduras,HND,0.021538462
Hungary,HUN,0.028938547
Iceland,ISL,0.028958333
India,IND,0.040028289
Indonesia,IDN,0.039963168
Iran (Islamic Republic of),IRN,0.04
Iraq,IRQ,0.040077821
Ireland,IRL,0.029076087
Israel,ISR,0.02
Italy,ITA,0.032097902
Jamaica,JAM,0.021419753
Japan,JPN,0.02
Jordan,JOR,0.04
Kazakhstan,KAZ,0.04
Kenya,KEN,0.013046358
Kuwait,KWT,0.039949495
Kyrgyzstan,KGZ,0.03984375
Lao People's Democratic Republic,LAO,0.023981481
Latvia,LVA,0.029036145
Lebanon,LBN,0.04
Lesotho,LSO,0.021
Liberia,LBR,0.021
Libya,LBY,0.013
Lithuania,LTU,0.029066667
Madagascar,MDG,0.021031208
Malawi,MWI,0.020976693
Malaysia,MYS,0.040046083
Mali,MLI,0.020992366
Mexico,MEX,0.012995951
Montenegro,MNE,0.028909091
Morocco,MAR,0.012982456
Mozambique,MOZ,0.021023622
Myanmar,MMR,0.023982301
Namibia,NAM,0.013011696
Nepal,NPL,0.024067797
Netherlands,NLD,0.028927203
New Caledonia,NCL,0.024802632
New Zealand,NZL,0.026190476
Nicaragua,NIC,0.012983051
Niger,NER,0.021
Nigeria,NGA,0.013024055
North Macedonia,MKD,0.028970588
Norway,NOR,0.029111111
Oman,OMN,0.075166297
Pakistan,PAK,0.04
Palestine,PSE,0.040053405
Panama,PAN,0.021634615
Papua New Guinea,PNG,0.024823529
Paraguay,PRY,0.021565217
Peru,PER,0.037884615
Philippines,PHL,0.039951574
Poland,POL,0.029032258
Portugal,PRT,0.028983051
Puerto Rico,PRI,0.0215
Qatar,QAT,0.04
Republic of Korea,KOR,0.04
Republic of Moldova,MDA,0.02904
Romania,ROU,0.02902439
Russian Federation,RUS,0.028984772
Rwanda,RWA,0.021052632
Saudi Arabia,SAU,0.04
Senegal,SEN,0.021065675
Serbia,SRB,0.029019074
Sierra Leone,SLE,0.021058824
Slovakia,SVK,0.029054054
Slovenia,SVN,0.028958333
Solomon Islands,SLB,0
South Africa,ZAF,0.013009709
South Sudan,SSD,0.021
Spain,ESP,0.029022989
Sri Lanka,LKA,0.040131579
Sudan,SDN,0.021
Suriname,SUR,0.021454545
Sweden,SWE,0.028888889
Switzerland,CHE,0.02908046
Syrian Arab Republic,SYR,0.04
Tajikistan,TJK,0.04
United Republic of Tanzania,TZA,0.021032258
Thailand,THA,0.026013514
Timor-Leste,TLS,0.024
Togo,TGO,0.021
Trinidad and Tobago,TTO,0.02147651
Tunisia,TUN,0.012981651
Turkey,TUR,0.040064103
Turkmenistan,TKM,0.04
Uganda,UGA,0.020961538
Ukraine,UKR,0.028978495
United Arab Emirates,ARE,0.045074627
United Kingdom,GBR,0.028939394
United States of America,USA,0.026068376
Uruguay,URY,0.021470588
Uzbekistan,UZB,0.040069686
Vanuatu,VUT,0.022580645
Venezuela (Bolivarian Republic of),VEN,0.021517241
Viet Nam,VNM,0.039951574
Zambia,ZMB,0.020987654
Zimbabwe,ZWE,0.013018868
