Entity,Code,food
Afghanistan,AFG,0.540283019
Albania,ALB,0.479499288
Algeria,DZA,0.511015481
Angola,AGO,0.37
Argentina,ARG,0.544626431
Armenia,ARM,0.566857147
Australia,AUS,0.521336344
Austria,AUT,0.57060536
Azerbaijan,AZE,0.54960251
Bahamas,BHS,0.57
Bangladesh,BGD,0.513142519
Belarus,BLR,0.542890911
Belgium,BEL,0.5305
Belize,BLZ,0.548571429
Benin,BEN,0.442556485
Bhutan,BTN,0.54414945
Bolivia (Plurinational State of),BOL,0.55272
Bosnia and Herzegovina,BIH,0.573261212
Botswana,BWA,0.37
Brazil,BRA,0.439652464
Brunei Darussalam,BRN,0.544374905
Bulgaria,BGR,0.500451621
Burkina Faso,BFA,0.418386029
Burundi,BDI,0.379929032
Cambodia,KHM,0.515211483
Cameroon,CMR,0.443204752
Canada,CAN,0.498337822
Central African Republic,CAF,0.437497041
Chad,TCD,0.407764706
Chile,CHL,0.47127895
China,CHN,0.433113943
Colombia,COL,0.447343916
Congo,COG,0.407617188
Costa Rica,CRI,0.407440797
Cote d'Ivoire,CIV,0.392223077
Croatia,HRV,0.500642331
Cuba,CUB,0.527761346
Cyprus,CYP,0.51065594
Czechia,CZE,0.541867431
Democratic People's Republic of Korea,PRK,0.261936586
Democratic Republic of the Congo,COD,0.373855856
Denmark,DNK,0.536308898
Dominican Republic,DOM,0.467534629
Ecuador,ECU,0.56456094
Egypt,EGY,0.424053192
El Salvador,SLV,0.396331686
Equatorial Guinea,CNQ,0.4663
Estonia,EST,0.576966989
Eswatini,SWZ,0.37
Ethiopia,ETH,0.412787879
Fiji,FJI,0.427142857
Finland,FIN,0.584446292
France,FRA,0.288244671
Gabon,GAB,0.384590909
Gambia,GMB,0.283560606
Georgia,GEO,0.567226076
Germany,DEU,0.394892888
Ghana,GHA,0.382576223
Greece,GRC,0.460426842
Guatemala,GTM,0.49300844
Guinea,GIN,0.43442441
Guinea-Bissau,GNB,0.37
Guyana,GUY,0.542590543
Haiti,HTI,0.384956294
Honduras,HND,0.466923077
Hungary,HUN,0.537803787
Iceland,ISL,0.581418251
India,IND,0.539632664
Indonesia,IDN,0.511665772
Iran (Islamic Republic of),IRN,0.560100813
Iraq,IRQ,0.54
Ireland,IRL,0.333382331
Israel,ISR,0.462040162
Italy,ITA,0.331046482
Jamaica,JAM,0.410095505
Japan,JPN,0.343893335
Jordan,JOR,0.48887218
Kazakhstan,KAZ,0.544358202
Kenya,KEN,0.405344648
Kuwait,KWT,0.377543638
Kyrgyzstan,KGZ,0.55720229
Lao People's Democratic Republic,LAO,0.488809393
Latvia,LVA,0.54373233
Lebanon,LBN,0.581136388
Lesotho,LSO,0.584991722
Liberia,LBR,0.38003125
Libya,LBY,0.37
Lithuania,LTU,0.540020213
Madagascar,MDG,0.505434441
Malawi,MWI,0.378819836
Malaysia,MYS,0.484414253
Mali,MLI,0.394013234
Mexico,MEX,0.510667755
Montenegro,MNE,0.491343209
Morocco,MAR,0.388205423
Mozambique,MOZ,0.37
Myanmar,MMR,0.53334781
Namibia,NAM,0.227903799
Nepal,NPL,0.536578859
Netherlands,NLD,0.235088648
New Caledonia,NCL,0.56951361
New Zealand,NZL,0.262828377
Nicaragua,NIC,0.569932131
Niger,NER,0.425028571
Nigeria,NGA,0.519523915
North Macedonia,MKD,0.575747959
Norway,NOR,0.584379532
Oman,OMN,0.478539152
Pakistan,PAK,0.539612881
Palestine,PSE,0.465845794
Panama,PAN,0.549049505
Papua New Guinea,PNG,0.423226018
Paraguay,PRY,0.435050017
Peru,PER,0.489953701
Philippines,PHL,0.494971775
Poland,POL,0.55661975
Portugal,PRT,0.307498015
Puerto Rico,PRI,0.53815
Qatar,QAT,0.37
Republic of Korea,KOR,0.270331947
Republic of Moldova,MDA,0.539894528
Romania,ROU,0.54882334
Russian Federation,RUS,0.54082308
Rwanda,RWA,0.38611133
Saudi Arabia,SAU,0.541646824
Senegal,SEN,0.265491326
Serbia,SRB,0.551365957
Sierra Leone,SLE,0.379441176
Slovakia,SVK,0.557088264
Slovenia,SVN,0.45472585
Solomon Islands,SLB,0.37
South Africa,ZAF,0.347627291
South Sudan,SSD,0.384590909
Spain,ESP,0.266378497
Sri Lanka,LKA,0.465139749
Sudan,SDN,0.4021
Suriname,SUR,0.524871547
Sweden,SWE,0.526435647
Switzerland,CHE,0.568330711
Syrian Arab Republic,SYR,0.480561798
Tajikistan,TJK,0.540558594
United Republic of Tanzania,TZA,0.419494579
Thailand,THA,0.482107687
Timor-Leste,TLS,0.419818182
Togo,TGO,0.376641379
Trinidad and Tobago,TTO,0.413087248
Tunisia,TUN,0.508274349
Turkey,TUR,0.536435447
Turkmenistan,TKM,0.537625
Uganda,UGA,0.422067507
Ukraine,UKR,0.539079253
United Arab Emirates,ARE,0.513778947
United Kingdom,GBR,0.542833042
United States of America,USA,0.411828388
Uruguay,URY,0.5305
Uzbekistan,UZB,0.538199733
Vanuatu,VUT,0.49528232
Venezuela (Bolivarian Republic of),VEN,0.563228458
Viet Nam,VNM,0.528845159
Zambia,ZMB,0.370629291
Zimbabwe,ZWE,0.370977858
