Entity,Code,GDP
Afghanistan,AFG,495.504343
Albania,ALB,5257.650696
Algeria,DZA,4153.961485
Angola,AGO,3289.643374
Argentina,ARG,11668.47239
Armenia,ARM,4220.534194
Australia,AUS,58596.82634
Austria,AUT,51192.02446
Azerbaijan,AZE,4735.14288
Bahamas,BHS,33289.98359
Bangladesh,BGD,1670.796355
Belarus,BLR,6350.731855
Belgium,BEL,47314.5247
Belize,BLZ,4927.194224
Benin,BEN,1241.824418
Bhutan,BTN,3243.513335
Bolivia (Plurinational State of),BOL,3548.590155
Bosnia and Herzegovina,BIH,6072.24537
Botswana,BWA,8279.821655
Brazil,BRA,9151.381601
Brunei Darussalam,BRN,31627.23305
Bulgaria,BGR,9410.869005
Burkina Faso,BFA,813.09975
Burundi,BDI,296.841911
Cambodia,KHM,1512.127268
Cameroon,CMR,1534.491991
Canada,CAN,46444.39664
Central African Republic,CAF,475.954444
Chad,TCD,734.731831
Chile,CHL,15888.14912
China,CHN,9968.925552
Colombia,COL,6729.584484
Congo,COG,2547.519151
Costa Rica,CRI,12468.58025
Cote d'Ivoire,CIV,2314.03166
Croatia,HRV,14976.37462
Cuba,CUB,8824.203348
Cyprus,CYP,29618.25014
Czechia,CZE,23341.23782
Democratic People's Republic of Korea,PRK,687.943178
Democratic Republic of the Congo,COD,560.807362
Denmark,DNK,62036.4047
Dominican Republic,DOM,8050.649783
Ecuador,ECU,6295.93503
Egypt,EGY,2537.512209
El Salvador,SLV,4052.62157
Equatorial Guinea,CNQ,10005.54795
Estonia,EST,23047.12372
Eswatini,SWZ,4105.620395
Ethiopia,ETH,734.362795
Fiji,FJI,6317.494796
Finland,FIN,49925.08704
France,FRA,41537.6428
Gabon,GAB,7959.010662
Gambia,GMB,732.727
Georgia,GEO,4396.662602
Germany,DEU,47847.4262
Ghana,GHA,2260.113451
Greece,GRC,20152.49017
Guatemala,GTM,4244.525131
Guinea,GIN,955.111206
Guinea-Bissau,GNB,737.582751
Guyana,GUY,6145.828152
Haiti,HTI,1422.454485
Honduras,HND,2510.320234
Hungary,HUN,16542.55476
Iceland,ISL,78010.2454
India,IND,2041.440108
Indonesia,IDN,3893.859673
Iran (Islamic Republic of),IRN,6434.769967
Iraq,IRQ,5915.851469
Ireland,IRL,79905.88962
Israel,ISR,44579.20148
Italy,ITA,34504.79795
Jamaica,JAM,5360.004186
Japan,JPN,39597.52314
Jordan,JOR,4308.18107
Kazakhstan,KAZ,9789.504209
Kenya,KEN,1794.09181
Kuwait,KWT,33403.90087
Kyrgyzstan,KGZ,1312.034714
Lao People's Democratic Republic,LAO,2569.092464
Latvia,LVA,17853.127
Lebanon,LBN,8058.444337
Lesotho,LSO,1191.852337
Liberia,LBR,569.614477
Libya,LBY,11414.30551
Lithuania,LTU,19188.09219
Madagascar,MDG,523.945979
Malawi,MWI,544.394114
Malaysia,MYS,11377.56923
Mali,MLI,894.805125
Mexico,MEX,9686.492811
Montenegro,MNE,8771.63114
Morocco,MAR,3277.800997
Mozambique,MOZ,503.302094
Myanmar,MMR,1370.685748
Namibia,NAM,5587.965592
Nepal,NPL,1129.421023
Netherlands,NLD,53579.54356
New Caledonia,NCL,35168.45165
New Zealand,NZL,44686.32872
Nicaragua,NIC,2014.572705
Niger,NER,570.724245
Nigeria,NGA,2153.526494
North Macedonia,MKD,6088.972568
Norway,NOR,81866.39257
Oman,OMN,16521.21649
Pakistan,PAK,1338.888168
Palestine,PSE,3347.043037
Panama,PAN,15544.72339
Papua New Guinea,PNG,2813.728172
Paraguay,PRY,5782.787088
Peru,PER,6957.788787
Philippines,PHL,3252.108424
Poland,POL,15490.09426
Portugal,PRT,23626.02933
Puerto Rico,PRI,33203.42572
Qatar,QAT,65907.94843
Republic of Korea,KOR,33705.25694
Republic of Moldova,MDA,2827.641046
Romania,ROU,12378.49744
Russian Federation,RUS,11372.27799
Rwanda,RWA,783.71435
Saudi Arabia,SAU,23337.01997
Senegal,SEN,1458.069294
Serbia,SRB,7214.957802
Sierra Leone,SLE,533.99146
Slovakia,SVK,19367.78312
Slovenia,SVN,26067.2958
Solomon Islands,SLB,2411.89837
South Africa,ZAF,6369.231608
South Sudan,SSD,737.38074
Spain,ESP,30432.79429
Sri Lanka,LKA,4143.579418
Sudan,SDN,1156.977945
Suriname,SUR,6547.736923
Sweden,SWE,55703.52348
Switzerland,CHE,86274.08658
Syrian Arab Republic,SYR,1303.775531
Tajikistan,TJK,853.218444
United Republic of Tanzania,TZA,1041.035526
Thailand,THA,7296.876574
Timor-Leste,TLS,1249.139354
Togo,TGO,883.943315
Trinidad and Tobago,TTO,17139.28165
Tunisia,TUN,3438.848968
Turkey,TUR,9454.407119
Turkmenistan,TKM,6544.670362
Uganda,UGA,797.249547
Ukraine,UKR,2958.491927
United Arab Emirates,ARE,43839.35635
United Kingdom,GBR,43204.03168
United States of America,USA,62755.71199
Uruguay,URY,18703.91277
Uzbekistan,UZB,1551.676137
Vanuatu,VUT,3125.260145
Venezuela (Bolivarian Republic of),VEN,7063.484955
Viet Nam,VNM,2566.447346
Zambia,ZMB,1516.391628
Zimbabwe,ZWE,1683.765768
