Entity,Code,GHG
Afghanistan,AFG,3.132075472
Albania,ALB,4.680511182
Algeria,DZA,3.294117647
Angola,AGO,3.28
Argentina,ARG,2.950155763
Armenia,ARM,2.417647059
Australia,AUS,3.088842975
Austria,AUT,2.706766917
Azerbaijan,AZE,2.615062762
Bahamas,BHS,3.055555556
Bangladesh,BGD,3.522821577
Belarus,BLR,1.672413793
Belgium,BEL,2.981981982
Belize,BLZ,2.946428571
Benin,BEN,3.033268102
Bhutan,BTN,2.995535714
Bolivia (Plurinational State of),BOL,3.314285714
Bosnia and Herzegovina,BIH,2.884615385
Botswana,BWA,3.28
Brazil,BRA,2.198347107
Brunei Darussalam,BRN,6.214285714
Bulgaria,BGR,1.785276074
Burkina Faso,BFA,3.112745098
Burundi,BDI,3.238709677
Cambodia,KHM,3.198412698
Cameroon,CMR,2.995726496
Canada,CAN,2.02617801
Central African Republic,CAF,3.085714286
Chad,TCD,2.976744186
Chile,CHL,3.433070866
China,CHN,3.147751606
Colombia,COL,2.526315789
Congo,COG,3.252631579
Costa Rica,CRI,2.427884615
Cote d'Ivoire,CIV,3.2
Croatia,HRV,5.966850829
Cuba,CUB,2.493006993
Cyprus,CYP,4.326530612
Czechia,CZE,1.678899083
Democratic People's Republic of Korea,PRK,1.567852437
Democratic Republic of the Congo,COD,3.28125
Denmark,DNK,2.524725275
Dominican Republic,DOM,2.88
Ecuador,ECU,3.018518519
Egypt,EGY,3.467948718
El Salvador,SLV,2.139534884
Equatorial Guinea,CNQ,2.946666667
Estonia,EST,2.754237288
Eswatini,SWZ,3.28
Ethiopia,ETH,3.084848485
Fiji,FJI,3.395918367
Finland,FIN,2.718309859
France,FRA,1.486486486
Gabon,GAB,3.222222222
Gambia,GMB,1.965714286
Georgia,GEO,2.386554622
Germany,DEU,1.921052632
Ghana,GHA,3.237597911
Greece,GRC,5.946969697
Guatemala,GTM,2.653710247
Guinea,GIN,3.056768559
Guinea-Bissau,GNB,3.275
Guyana,GUY,2.703583062
Haiti,HTI,2.028571429
Honduras,HND,2.507692308
Hungary,HUN,1.932960894
Iceland,ISL,2.802083333
India,IND,3.42291372
Indonesia,IDN,3.79373849
Iran (Islamic Republic of),IRN,3.454545455
Iraq,IRQ,2.743190661
Ireland,IRL,1.60326087
Israel,ISR,3.394117647
Italy,ITA,2.027972028
Jamaica,JAM,2.061728395
Japan,JPN,2.80952381
Jordan,JOR,2.933333333
Kazakhstan,KAZ,2.73125
Kenya,KEN,3.165562914
Kuwait,KWT,3.373737374
Kyrgyzstan,KGZ,2.51171875
Lao People's Democratic Republic,LAO,3.12037037
Latvia,LVA,2.638554217
Lebanon,LBN,2.213592233
Lesotho,LSO,2.584
Liberia,LBR,3.241666667
Libya,LBY,3.32
Lithuania,LTU,2.552
Madagascar,MDG,4.59972863
Malawi,MWI,3.251942286
Malaysia,MYS,4.244239631
Mali,MLI,3.20610687
Mexico,MEX,2.947368421
Montenegro,MNE,2.818181818
Morocco,MAR,2.535087719
Mozambique,MOZ,3.275590551
Myanmar,MMR,3.10619469
Namibia,NAM,1.339181287
Nepal,NPL,3.050847458
Netherlands,NLD,1.291187739
New Caledonia,NCL,5.296052632
New Zealand,NZL,1.20952381
Nicaragua,NIC,3.050847458
Niger,NER,3.085714286
Nigeria,NGA,2.756013746
North Macedonia,MKD,2.683823529
Norway,NOR,2.733333333
Oman,OMN,4.101995565
Pakistan,PAK,3.012578616
Palestine,PSE,3.951935915
Panama,PAN,3.663461538
Papua New Guinea,PNG,2.917647059
Paraguay,PRY,2.130434783
Peru,PER,3.5
Philippines,PHL,3.414043584
Poland,POL,1.942396313
Portugal,PRT,2.906779661
Puerto Rico,PRI,2.715
Qatar,QAT,3.32
Republic of Korea,KOR,1.923809524
Republic of Moldova,MDA,1.6
Romania,ROU,1.739837398
Russian Federation,RUS,1.842639594
Rwanda,RWA,3.216374269
Saudi Arabia,SAU,4.833333333
Senegal,SEN,1.809169765
Serbia,SRB,2.547683924
Sierra Leone,SLE,3.247058824
Slovakia,SVK,2.378378378
Slovenia,SVN,2.390625
Solomon Islands,SLB,3.095238095
South Africa,ZAF,1.610032362
South Sudan,SSD,3.28
Spain,ESP,1.936781609
Sri Lanka,LKA,4.013157895
Sudan,SDN,3.26
Suriname,SUR,2.481818182
Sweden,SWE,2.427350427
Switzerland,CHE,2.787356322
Syrian Arab Republic,SYR,3
Tajikistan,TJK,2.729166667
United Republic of Tanzania,TZA,3.180645161
Thailand,THA,4.369369369
Timor-Leste,TLS,3.190909091
Togo,TGO,3.255172414
Trinidad and Tobago,TTO,2.080536913
Tunisia,TUN,4.256880734
Turkey,TUR,3.525641026
Turkmenistan,TKM,2.814285714
Uganda,UGA,3.096153846
Ukraine,UKR,1.768817204
United Arab Emirates,ARE,4.268656716
United Kingdom,GBR,2.570707071
United States of America,USA,2.478632479
Uruguay,URY,2.274509804
Uzbekistan,UZB,2.787456446
Vanuatu,VUT,3.225806452
Venezuela (Bolivarian Republic of),VEN,2.94137931
Viet Nam,VNM,3.728813559
Zambia,ZMB,3.275720165
Zimbabwe,ZWE,3.264150943
