Entity,Code,land
Afghanistan,AFG,6155.103486
Albania,ALB,3680.619237
Algeria,DZA,5611.632377
Angola,AGO,5706.212962
Argentina,ARG,4481.711551
Armenia,ARM,3826.11917
Australia,AUS,3194.559559
Austria,AUT,3567.300392
Azerbaijan,AZE,5135.918801
Bahamas,BHS,7534.805272
Bangladesh,BGD,5840.302896
Belarus,BLR,5804.241044
Belgium,BEL,5401.579646
Belize,BLZ,7338.884667
Benin,BEN,5637.891947
Bhutan,BTN,5697.757384
Bolivia (Plurinational State of),BOL,4066.556321
Bosnia and Herzegovina,BIH,3116.812
Botswana,BWA,5706.212962
Brazil,BRA,5617.779794
Brunei Darussalam,BRN,6772.76923
Bulgaria,BGR,3785.310522
Burkina Faso,BFA,5659.180407
Burundi,BDI,5702.999647
Cambodia,KHM,5493.736156
Cameroon,CMR,5641.907247
Canada,CAN,2214.168192
Central African Republic,CAF,5760.231554
Chad,TCD,5652.607313
Chile,CHL,1982.079165
China,CHN,4078.940626
Colombia,COL,5126.729586
Congo,COG,5670.818892
Costa Rica,CRI,5778.268386
Cote d'Ivoire,CIV,5671.798301
Croatia,HRV,5310.592486
Cuba,CUB,5373.536579
Cyprus,CYP,5582.023637
Czechia,CZE,5914.234662
Democratic People's Republic of Korea,PRK,1015.02758
Democratic Republic of the Congo,COD,5699.586419
Denmark,DNK,2100.633947
Dominican Republic,DOM,5923.297883
Ecuador,ECU,7437.994619
Egypt,EGY,5657.24234
El Salvador,SLV,5934.319373
Equatorial Guinea,CNQ,5543.915454
Estonia,EST,2749.177522
Eswatini,SWZ,5706.212962
Ethiopia,ETH,5776.660996
Fiji,FJI,6228.667907
Finland,FIN,2353.951195
France,FRA,687.8698906
Gabon,GAB,5692.484353
Gambia,GMB,2229.518357
Georgia,GEO,3529.306678
Germany,DEU,2110.259966
Ghana,GHA,5691.966909
Greece,GRC,4610.792992
Guatemala,GTM,6806.002232
Guinea,GIN,5597.044755
Guinea-Bissau,GNB,5706.212962
Guyana,GUY,6648.624318
Haiti,HTI,5715.961989
Honduras,HND,6592.376927
Hungary,HUN,5875.76973
Iceland,ISL,2907.402416
India,IND,6021.876932
Indonesia,IDN,6935.380855
Iran (Islamic Republic of),IRN,4289.018258
Iraq,IRQ,6053.919877
Ireland,IRL,970.9223162
Israel,ISR,5664.390326
Italy,ITA,1220.812013
Jamaica,JAM,5671.767611
Japan,JPN,2355.96817
Jordan,JOR,6037.215467
Kazakhstan,KAZ,5367.922761
Kenya,KEN,5564.73033
Kuwait,KWT,5700.119075
Kyrgyzstan,KGZ,4235.604949
Lao People's Democratic Republic,LAO,5739.757408
Latvia,LVA,5445.253503
Lebanon,LBN,2438.586291
Lesotho,LSO,2288.19293
Liberia,LBR,5696.774543
Libya,LBY,5706.212962
Lithuania,LTU,5913.04552
Madagascar,MDG,6933.157606
Malawi,MWI,5676.319976
Malaysia,MYS,5557.287892
Mali,MLI,5683.128631
Mexico,MEX,6513.999229
Montenegro,MNE,2147.241784
Morocco,MAR,3535.19888
Mozambique,MOZ,5706.212962
Myanmar,MMR,6106.071161
Namibia,NAM,738.6590535
Nepal,NPL,5763.940267
Netherlands,NLD,529.5363598
New Caledonia,NCL,7519.064977
New Zealand,NZL,448.3842905
Nicaragua,NIC,7534.184745
Niger,NER,5654.436494
Nigeria,NGA,5607.385072
North Macedonia,MKD,3516.05185
Norway,NOR,2847.074863
Oman,OMN,5618.53307
Pakistan,PAK,5899.038279
Palestine,PSE,5577.496719
Panama,PAN,7003.267404
Papua New Guinea,PNG,5501.555112
Paraguay,PRY,5642.780031
Peru,PER,3358.860341
Philippines,PHL,8381.943553
Poland,POL,4581.874984
Portugal,PRT,1680.321488
Puerto Rico,PRI,6719.659284
Qatar,QAT,5706.212962
Republic of Korea,KOR,1182.542124
Republic of Moldova,MDA,5304.074419
Romania,ROU,4831.521749
Russian Federation,RUS,4500.656978
Rwanda,RWA,5682.594298
Saudi Arabia,SAU,7117.588083
Senegal,SEN,1953.95988
Serbia,SRB,5068.330252
Sierra Leone,SLE,5697.329744
Slovakia,SVK,4148.929722
Slovenia,SVN,2220.317314
Solomon Islands,SLB,5706.212962
South Africa,ZAF,1452.942454
South Sudan,SSD,5692.484353
Spain,ESP,1012.458553
Sri Lanka,LKA,6317.751132
Sudan,SDN,5676.010022
Suriname,SUR,5717.262282
Sweden,SWE,2040.507092
Switzerland,CHE,3001.041952
Syrian Arab Republic,SYR,5878.254951
Tajikistan,TJK,5342.424827
United Republic of Tanzania,TZA,5848.502433
Thailand,THA,6002.395997
Timor-Leste,TLS,6099.200527
Togo,TGO,5699.964078
Trinidad and Tobago,TTO,5665.672103
Tunisia,TUN,5549.622461
Turkey,TUR,4377.913391
Turkmenistan,TKM,5580.810318
Uganda,UGA,5658.370318
Ukraine,UKR,5434.724029
United Arab Emirates,ARE,5691.871842
United Kingdom,GBR,2526.058471
United States of America,USA,3465.339539
Uruguay,URY,5410.636101
Uzbekistan,UZB,5231.767183
Vanuatu,VUT,6851.664399
Venezuela (Bolivarian Republic of),VEN,7171.912853
Viet Nam,VNM,6031.447531
Zambia,ZMB,5707.762996
Zimbabwe,ZWE,5691.759682
