Entity,Code,P
Afghanistan,AFG,10.93248395
Albania,ALB,17.17806354
Algeria,DZA,15.76722797
Angola,AGO,9.175400657
Argentina,ARG,17.34785378
Armenia,ARM,16.13921963
Australia,AUS,14.57050399
Austria,AUT,13.73516578
Azerbaijan,AZE,10.55644855
Bahamas,BHS,13.73858433
Bangladesh,BGD,11.52492477
Belarus,BLR,11.07175966
Belgium,BEL,19.86087825
Belize,BLZ,13.24967179
Benin,BEN,10.12975174
Bhutan,BTN,10.62034576
Bolivia (Plurinational State of),BOL,16.67383582
Bosnia and Herzegovina,BIH,14.16742444
Botswana,BWA,9.175400657
Brazil,BRA,12.54828795
Brunei Darussalam,BRN,18.68624949
Bulgaria,BGR,8.604522615
Burkina Faso,BFA,9.89400286
Burundi,BDI,9.300856514
Cambodia,KHM,12.96806778
Cameroon,CMR,10.19623689
Canada,CAN,11.01856546
Central African Republic,CAF,10.72062176
Chad,TCD,10.68011605
Chile,CHL,9.464247461
China,CHN,6.267126193
Colombia,COL,12.27947131
Congo,COG,9.668667047
Costa Rica,CRI,10.38858159
Cote d'Ivoire,CIV,10.22116984
Croatia,HRV,22.53434376
Cuba,CUB,7.858395602
Cyprus,CYP,26.21338467
Czechia,CZE,11.21531602
Democratic People's Republic of Korea,PRK,-1.72292097
Democratic Republic of the Congo,COD,9.39345624
Denmark,DNK,11.69063103
Dominican Republic,DOM,13.2578141
Ecuador,ECU,13.61617402
Egypt,EGY,11.86030085
El Salvador,SLV,9.751307876
Equatorial Guinea,CNQ,14.44257064
Estonia,EST,14.65367411
Eswatini,SWZ,9.175400657
Ethiopia,ETH,9.641995939
Fiji,FJI,10.47916742
Finland,FIN,13.93303267
France,FRA,-0.279302615
Gabon,GAB,9.366728226
Gambia,GMB,1.120114653
Georgia,GEO,11.99121882
Germany,DEU,5.105120766
Ghana,GHA,9.49005395
Greece,GRC,20.92067941
Guatemala,GTM,11.98015176
Guinea,GIN,12.73217081
Guinea-Bissau,GNB,9.175400657
Guyana,GUY,15.11460647
Haiti,HTI,9.382678127
Honduras,HND,11.38678967
Hungary,HUN,10.88067712
Iceland,ISL,15.7368283
India,IND,12.25882048
Indonesia,IDN,12.35884683
Iran (Islamic Republic of),IRN,11.33780549
Iraq,IRQ,10.34611829
Ireland,IRL,2.122304444
Israel,ISR,13.6831525
Italy,ITA,3.190977374
Jamaica,JAM,9.702960502
Japan,JPN,8.230781957
Jordan,JOR,10.3915478
Kazakhstan,KAZ,13.05776826
Kenya,KEN,9.696885913
Kuwait,KWT,10.09997372
Kyrgyzstan,KGZ,10.10072552
Lao People's Democratic Republic,LAO,9.501995572
Latvia,LVA,13.60584357
Lebanon,LBN,13.68474291
Lesotho,LSO,13.75417591
Liberia,LBR,9.306938361
Libya,LBY,9.175400657
Lithuania,LTU,11.49594887
Madagascar,MDG,12.27816439
Malawi,MWI,9.302265339
Malaysia,MYS,13.45484855
Mali,MLI,9.517665283
Mexico,MEX,12.49974587
Montenegro,MNE,11.00770572
Morocco,MAR,9.441376465
Mozambique,MOZ,9.175400657
Myanmar,MMR,10.97366519
Namibia,NAM,-2.998210517
Nepal,NPL,9.315332369
Netherlands,NLD,-2.854961351
New Caledonia,NCL,13.84069124
New Zealand,NZL,-1.651466035
Nicaragua,NIC,13.73703583
Niger,NER,9.896978919
Nigeria,NGA,12.45313217
North Macedonia,MKD,14.98849086
Norway,NOR,15.61209476
Oman,OMN,22.47831616
Pakistan,PAK,9.875939057
Palestine,PSE,17.95175117
Panama,PAN,16.56910156
Papua New Guinea,PNG,9.920436207
Paraguay,PRY,12.78379224
Peru,PER,9.632318419
Philippines,PHL,11.94350951
Poland,POL,12.49223207
Portugal,PRT,4.738385047
Puerto Rico,PRI,14.68991042
Qatar,QAT,9.175400657
Republic of Korea,KOR,1.195823677
Republic of Moldova,MDA,7.090923341
Romania,ROU,9.194209302
Russian Federation,RUS,10.27907015
Rwanda,RWA,9.869005619
Saudi Arabia,SAU,14.64692114
Senegal,SEN,0.022437017
Serbia,SRB,11.27285067
Sierra Leone,SLE,9.299200849
Slovakia,SVK,12.33640532
Slovenia,SVN,8.777139985
Solomon Islands,SLB,9.175400657
South Africa,ZAF,2.884154054
South Sudan,SSD,9.366728226
Spain,ESP,0.669625434
Sri Lanka,LKA,10.99541041
Sudan,SDN,9.59632131
Suriname,SUR,18.2773102
Sweden,SWE,11.21076018
Switzerland,CHE,14.85506719
Syrian Arab Republic,SYR,10.40389985
Tajikistan,TJK,8.102236746
United Republic of Tanzania,TZA,9.956540286
Thailand,THA,11.2884388
Timor-Leste,TLS,9.912063209
Togo,TGO,9.262487689
Trinidad and Tobago,TTO,9.740394822
Tunisia,TUN,25.6259945
Turkey,TUR,21.66569893
Turkmenistan,TKM,11.32223896
Uganda,UGA,9.857263166
Ukraine,UKR,9.244614505
United Arab Emirates,ARE,24.46497248
United Kingdom,GBR,13.32673995
United States of America,USA,5.869821923
Uruguay,URY,19.35500007
Uzbekistan,UZB,9.097278056
Vanuatu,VUT,12.03383185
Venezuela (Bolivarian Republic of),VEN,14.72983496
Viet Nam,VNM,13.45968329
Zambia,ZMB,9.181995217
Zimbabwe,ZWE,9.195628524
