Entity,Code,economy
Afghanistan,AFG,2.251572327
Albania,ALB,3.514376997
Algeria,DZA,3.156862745
Angola,AGO,4.748571429
Argentina,ARG,6.760124611
Armenia,ARM,4.211764706
Australia,AUS,10.21694215
Austria,AUT,7.819548872
Azerbaijan,AZE,2.510460251
Bahamas,BHS,23.0994152
Bangladesh,BGD,2.443983402
Belarus,BLR,2.318965517
Belgium,BEL,8.954954955
Belize,BLZ,3.839285714
Benin,BEN,3.189823875
Bhutan,BTN,2.991071429
Bolivia (Plurinational State of),BOL,5.142857143
Bosnia and Herzegovina,BIH,3.626373626
Botswana,BWA,3.92
Brazil,BRA,2.231404959
Brunei Darussalam,BRN,7.455357143
Bulgaria,BGR,2.877300613
Burkina Faso,BFA,2.867647059
Burundi,BDI,2.567741935
Cambodia,KHM,2.976190476
Cameroon,CMR,3.38034188
Canada,CAN,5.706806283
Central African Republic,CAF,3.6
Chad,TCD,1.590697674
Chile,CHL,8.188976378
China,CHN,2.976445396
Colombia,COL,2.939849624
Congo,COG,2
Costa Rica,CRI,4.740384615
Cote d'Ivoire,CIV,3.622222222
Croatia,HRV,6.629834254
Cuba,CUB,1.566433566
Cyprus,CYP,6.258503401
Czechia,CZE,2.449541284
Democratic People's Republic of Korea,PRK,0.993412385
Democratic Republic of the Congo,COD,3.5
Denmark,DNK,3.818681319
Dominican Republic,DOM,3.112
Ecuador,ECU,5.185185185
Egypt,EGY,0.942307692
El Salvador,SLV,2.779069767
Equatorial Guinea,GNQ,4.2
Estonia,EST,5.243644068
Eswatini,SWZ,1.13
Ethiopia,ETH,0.624242424
Fiji,FJI,4.053061224
Finland,FIN,5.401408451
France,FRA,4.578378378
Gabon,GAB,3.6
Gambia,GMB,1.114285714
Georgia,GEO,3.273109244
Germany,DEU,3.976608187
Ghana,GHA,0.873368146
Greece,GRC,4.818181818
Guatemala,GTM,4.840989399
Guinea,GIN,3.595342067
Guinea-Bissau,GNB,2.7
Guyana,GUY,4.201954397
Haiti,HTI,1.978571429
Honduras,HND,4.061538462
Hungary,HUN,2.530726257
Iceland,ISL,5.9375
India,IND,1.867043847
Indonesia,IDN,2.209944751
Iran (Islamic Republic of),IRN,3.636363636
Iraq,IRQ,5.291828794
Ireland,IRL,5.570652174
Israel,ISR,4.876470588
Italy,ITA,3.706293706
Jamaica,JAM,4.179012346
Japan,JPN,6.206349206
Jordan,JOR,10.56666667
Kazakhstan,KAZ,4.65625
Kenya,KEN,3.503311258
Kuwait,KWT,5.858585859
Kyrgyzstan,KGZ,3.015625
Lao People's Democratic Republic,LAO,1.5
Latvia,LVA,2.843373494
Lebanon,LBN,3.13592233
Lesotho,LSO,10.56
Liberia,LBR,2.079166667
Libya,LBY,2
Lithuania,LTU,3.92
Madagascar,MDG,9.145183175
Malawi,MWI,4.328523862
Malaysia,MYS,3.69124424
Mali,MLI,3.486005089
Mexico,MEX,3.279352227
Montenegro,MNE,4.281818182
Morocco,MAR,6.307017544
Mozambique,MOZ,4.007874016
Myanmar,MMR,1.327433628
Namibia,NAM,4.18128655
Nepal,NPL,2.627118644
Netherlands,NLD,2.030651341
New Caledonia,NCL,12.03947368
New Zealand,NZL,7.761904762
Nicaragua,NIC,2.745762712
Niger,NER,4.2
Nigeria,NGA,2.886597938
North Macedonia,MKD,4.588235294
Norway,NOR,6.177777778
Oman,OMN,4.922394678
Pakistan,PAK,1.339622642
Palestine,PSE,9.345794393
Panama,PAN,5.346153846
Papua New Guinea,PNG,4.417647059
Paraguay,PRY,4.226086957
Peru,PER,4.009615385
Philippines,PHL,2.288135593
Poland,POL,3.294930876
Portugal,PRT,7.152542373
Puerto Rico,PRI,16.65
Qatar,QAT,3.7
Republic of Korea,KOR,4.266666667
Republic of Moldova,MDA,2.032
Romania,ROU,2.93495935
Russian Federation,RUS,3.918781726
Rwanda,RWA,3.352826511
Saudi Arabia,SAU,7.75
Senegal,SEN,2.788104089
Serbia,SRB,3.283378747
Sierra Leone,SLE,1.529411765
Slovakia,SVK,2.918918919
Slovenia,SVN,3.755208333
Solomon Islands,SLB,1.952380952
South Africa,ZAF,12.37864078
South Sudan,SSD,3.5
Spain,ESP,1.712643678
Sri Lanka,LKA,2.4375
Sudan,SDN,2.34
Suriname,SUR,6.154545455
Sweden,SWE,4.179487179
Switzerland,CHE,17.70114943
Syrian Arab Republic,SYR,3.272340426
Tajikistan,TJK,2.645833333
United Republic of Tanzania,TZA,3.496774194
Thailand,THA,3.040540541
Timor-Leste,TLS,3.5
Togo,TGO,2.720689655
Trinidad and Tobago,TTO,4.322147651
Tunisia,TUN,4.19266055
Turkey,TUR,3.621794872
Turkmenistan,TKM,4.857142857
Uganda,UGA,2.317307692
Ukraine,UKR,2.252688172
United Arab Emirates,ARE,7.970149254
United Kingdom,GBR,6.767676768
United States of America,USA,2.628205128
Uruguay,URY,34.11764706
Uzbekistan,UZB,2.299651568
Vanuatu,VUT,4.725806452
Venezuela (Bolivarian Republic of),VEN,4.206896552
Viet Nam,VNM,3.486682809
Zambia,ZMB,2.390946502
Zimbabwe,ZWE,2.518867925
