Entity,Code,water
Afghanistan,AFG,1924.528302
Albania,ALB,803.514377
Algeria,DZA,1476.470588
Angola,AGO,1931.428571
Argentina,ARG,1791.277259
Armenia,ARM,1282.352941
Australia,AUS,1549.586777
Austria,AUT,1571.428571
Azerbaijan,AZE,2062.761506
Bahamas,BHS,2046.783626
Bangladesh,BGD,1879.66805
Belarus,BLR,2250
Belgium,BEL,1927.927928
Belize,BLZ,1705.357143
Benin,BEN,2152.641879
Bhutan,BTN,1964.285714
Bolivia (Plurinational State of),BOL,1740
Bosnia and Herzegovina,BIH,1582.417582
Botswana,BWA,1926.666667
Brazil,BRA,2033.057851
Brunei Darussalam,BRN,1812.5
Bulgaria,BGR,1607.361963
Burkina Faso,BFA,2174.019608
Burundi,BDI,2251.612903
Cambodia,KHM,2015.873016
Cameroon,CMR,2136.752137
Canada,CAN,1413.612565
Central African Republic,CAF,2171.428571
Chad,TCD,2111.627907
Chile,CHL,1228.346457
China,CHN,1353.319058
Colombia,COL,1894.736842
Congo,COG,2252.631579
Costa Rica,CRI,2091.346154
Cote d'Ivoire,CIV,2171.111111
Croatia,HRV,1077.348066
Cuba,CUB,1832.167832
Cyprus,CYP,719.7278912
Czechia,CZE,2270.642202
Democratic People's Republic of Korea,PRK,349.14361
Democratic Republic of the Congo,COD,1928.125
Denmark,DNK,1304.945055
Dominican Republic,DOM,1848
Ecuador,ECU,1700
Egypt,EGY,2089.74359
El Salvador,SLV,2174.418605
Equatorial Guinea,GNQ,1940
Estonia,EST,1536.016949
Eswatini,SWZ,1930
Ethiopia,ETH,1921.212121
Fiji,FJI,2240.816327
Finland,FIN,1464.788732
France,FRA,337.2972973
Gabon,GAB,2244.444444
Gambia,GMB,940
Georgia,GEO,1714.285714
Germany,DEU,885.9649123
Ghana,GHA,2245.430809
Greece,GRC,693.1818182
Guatemala,GTM,1773.85159
Guinea,GIN,1935.953421
Guinea-Bissau,GNB,2262.5
Guyana,GUY,1996.742671
Haiti,HTI,2250
Honduras,HND,1984.615385
Hungary,HUN,2229.050279
Iceland,ISL,1697.916667
India,IND,1782.178218
Indonesia,IDN,2081.031308
Iran (Islamic Republic of),IRN,1747.727273
Iraq,IRQ,2322.957198
Ireland,IRL,649.4565217
Israel,ISR,1805.882353
Italy,ITA,449.6503497
Jamaica,JAM,2172.839506
Japan,JPN,457.1428571
Jordan,JOR,2222.222222
Kazakhstan,KAZ,1662.5
Kenya,KEN,2198.675497
Kuwait,KWT,2207.070707
Kyrgyzstan,KGZ,1871.09375
Lao People's Democratic Republic,LAO,2101.851852
Latvia,LVA,2084.337349
Lebanon,LBN,1495.145631
Lesotho,LSO,1484
Liberia,LBR,2241.666667
Libya,LBY,1930
Lithuania,LTU,2229.333333
Madagascar,MDG,1886.024423
Malawi,MWI,1931.187569
Malaysia,MYS,1566.820276
Mali,MLI,2234.096692
Mexico,MEX,1659.919028
Montenegro,MNE,1081.818182
Morocco,MAR,1000
Mozambique,MOZ,1929.133858
Myanmar,MMR,2070.79646
Namibia,NAM,253.2163743
Nepal,NPL,1983.050847
Netherlands,NLD,197.3180077
New Caledonia,NCL,2046.052632
New Zealand,NZL,178.0952381
Nicaragua,NIC,1677.966102
Niger,NER,2174.285714
Nigeria,NGA,1986.254296
North Macedonia,MKD,1382.352941
Norway,NOR,1911.111111
Oman,OMN,898.0044346
Pakistan,PAK,1861.63522
Palestine,PSE,1197.596796
Panama,PAN,1721.153846
Papua New Guinea,PNG,2217.647059
Paraguay,PRY,2165.217391
Peru,PER,1394.230769
Philippines,PHL,2118.644068
Poland,POL,1960.829493
Portugal,PRT,430.5084746
Puerto Rico,PRI,2050
Qatar,QAT,2260
Republic of Korea,KOR,280
Republic of Moldova,MDA,2120
Romania,ROU,1983.739837
Russian Federation,RUS,1913.705584
Rwanda,RWA,2222.222222
Saudi Arabia,SAU,1666.666667
Senegal,SEN,745.9727385
Serbia,SRB,2098.092643
Sierra Leone,SLE,2247.058824
Slovakia,SVK,1819.81982
Slovenia,SVN,1067.708333
Solomon Islands,SLB,1890.47619
South Africa,ZAF,517.7993528
South Sudan,SSD,2265
Spain,ESP,196.5517241
Sri Lanka,LKA,1851.973684
Sudan,SDN,2210
Suriname,SUR,1863.636364
Sweden,SWE,1222.222222
Switzerland,CHE,1574.712644
Syrian Arab Republic,SYR,2131.914894
Tajikistan,TJK,2066.666667
United Republic of Tanzania,TZA,2193.548387
Thailand,THA,1734.234234
Timor-Leste,TLS,2290.909091
Togo,TGO,2244.827586
Trinidad and Tobago,TTO,1932.885906
Tunisia,TUN,619.266055
Turkey,TUR,1102.564103
Turkmenistan,TKM,1871.428571
Uganda,UGA,2173.076923
Ukraine,UKR,2118.27957
United Arab Emirates,ARE,862.6865672
United Kingdom,GBR,1727.272727
United States of America,USA,1202.991453
Uruguay,URY,1205.882353
Uzbekistan,UZB,2020.905923
Vanuatu,VUT,2258.064516
Venezuela (Bolivarian Republic of),VEN,1717.241379
Viet Nam,VNM,1755.447942
Zambia,ZMB,2172.839506
Zimbabwe,ZWE,1924.528302
