Entity,Code,N
Afghanistan,AFG,79.61350455
Albania,ALB,77.92944174
Algeria,DZA,89.75260587
Angola,AGO,74.88679201
Argentina,ARG,74.77121433
Armenia,ARM,70.46402428
Australia,AUS,62.35954387
Austria,AUT,66.29130009
Azerbaijan,AZE,67.87534795
Bahamas,BHS,70.4882667
Bangladesh,BGD,74.31550129
Belarus,BLR,75.81448128
Belgium,BEL,82.60981353
Belize,BLZ,70.95953727
Benin,BEN,73.48582951
Bhutan,BTN,73.54553343
Bolivia (Plurinational State of),BOL,71.91315456
Bosnia and Herzegovina,BIH,65.77388539
Botswana,BWA,74.88679201
Brazil,BRA,74.44609278
Brunei Darussalam,BRN,91.5073013
Bulgaria,BGR,48.8333054
Burkina Faso,BFA,74.0562368
Burundi,BDI,74.77343719
Cambodia,KHM,73.69668933
Cameroon,CMR,73.62597051
Canada,CAN,44.63418417
Central African Republic,CAF,76.22913024
Chad,TCD,75.42982804
Chile,CHL,37.72861967
China,CHN,39.3517356
Colombia,COL,73.45029484
Congo,COG,74.15853844
Costa Rica,CRI,74.89714765
Cote d'Ivoire,CIV,75.40867093
Croatia,HRV,108.4178734
Cuba,CUB,47.0445355
Cyprus,CYP,122.7049382
Czechia,CZE,77.34101776
Democratic People's Republic of Korea,PRK,-7.804481667
Democratic Republic of the Congo,COD,75.02354521
Denmark,DNK,49.24999695
Dominican Republic,DOM,81.96263147
Ecuador,ECU,70.51162428
Egypt,EGY,78.43759611
El Salvador,SLV,74.02159154
Equatorial Guinea,GNQ,78.07657336
Estonia,EST,62.30720109
Eswatini,SWZ,74.88679201
Ethiopia,ETH,75.84009271
Fiji,FJI,73.63007049
Finland,FIN,59.42556361
France,FRA,-4.500673756
Gabon,GAB,74.6043179
Gambia,GMB,13.76381936
Georgia,GEO,59.12153151
Germany,DEU,24.57397024
Ghana,GHA,74.8319303
Greece,GRC,97.24766622
Guatemala,GTM,72.13055372
Guinea,GIN,77.06245886
Guinea-Bissau,GNB,74.88679201
Guyana,GUY,74.48710323
Haiti,HTI,74.94855889
Honduras,HND,72.75519898
Hungary,HUN,73.89223302
Iceland,ISL,65.60842766
India,IND,75.54234235
Indonesia,IDN,77.35991369
Iran (Islamic Republic of),IRN,58.00710112
Iraq,IRQ,75.38275698
Ireland,IRL,5.01198909
Israel,ISR,83.03043614
Italy,ITA,11.37185325
Jamaica,JAM,74.1199958
Japan,JPN,36.23636668
Jordan,JOR,78.28407757
Kazakhstan,KAZ,74.37414262
Kenya,KEN,73.94646003
Kuwait,KWT,77.49450186
Kyrgyzstan,KGZ,56.4283061
Lao People's Democratic Republic,LAO,69.03281527
Latvia,LVA,77.60659091
Lebanon,LBN,59.33265185
Lesotho,LSO,58.79752284
Liberia,LBR,74.69259106
Libya,LBY,74.88679201
Lithuania,LTU,77.06797329
Madagascar,MDG,71.98884776
Malawi,MWI,74.66039569
Malaysia,MYS,74.60379072
Mali,MLI,74.4564679
Mexico,MEX,69.51306302
Montenegro,MNE,47.07761974
Morocco,MAR,48.73169518
Mozambique,MOZ,74.88679201
Myanmar,MMR,77.76518809
Namibia,NAM,-12.98455
Nepal,NPL,66.83230872
Netherlands,NLD,-15.94368977
New Caledonia,NCL,70.91624309
New Zealand,NZL,-11.7852436
Nicaragua,NIC,70.48975933
Niger,NER,73.82146108
Nigeria,NGA,74.56323182
North Macedonia,MKD,68.3217884
Norway,NOR,65.03578925
Oman,OMN,112.4069679
Pakistan,PAK,70.48495823
Palestine,PSE,92.54717951
Panama,PAN,83.0819193
Papua New Guinea,PNG,74.41493064
Paraguay,PRY,77.7663953
Peru,PER,43.73850601
Philippines,PHL,78.34079249
Poland,POL,70.64764956
Portugal,PRT,19.68603645
Puerto Rico,PRI,74.02307145
Qatar,QAT,74.88679201
Republic of Korea,KOR,3.145068986
Republic of Moldova,MDA,49.68044612
Romania,ROU,56.33871487
Russian Federation,RUS,59.30302212
Rwanda,RWA,75.18612774
Saudi Arabia,SAU,76.84803231
Senegal,SEN,8.505506226
Serbia,SRB,70.74762759
Sierra Leone,SLE,74.70401464
Slovakia,SVK,66.76565218
Slovenia,SVN,38.22062925
Solomon Islands,SLB,74.88679201
South Africa,ZAF,13.83063328
South Sudan,SSD,74.6043179
Spain,ESP,0.242894426
Sri Lanka,LKA,75.2430759
Sudan,SDN,74.26534896
Suriname,SUR,80.40220889
Sweden,SWE,46.90608547
Switzerland,CHE,64.09996349
Syrian Arab Republic,SYR,76.26707777
Tajikistan,TJK,54.41879874
United Republic of Tanzania,TZA,74.5409602
Thailand,THA,65.55772693
Timor-Leste,TLS,76.95546835
Togo,TGO,74.75821758
Trinidad and Tobago,TTO,74.05264027
Tunisia,TUN,120.1544838
Turkey,TUR,99.38149442
Turkmenistan,TKM,66.42664222
Uganda,UGA,73.89355543
Ukraine,UKR,58.40589636
United Arab Emirates,ARE,114.2162967
United Kingdom,GBR,54.92420818
United States of America,USA,33.24353254
Uruguay,URY,81.9713261
Uzbekistan,UZB,52.98047866
Vanuatu,VUT,72.13150473
Venezuela (Bolivarian Republic of),VEN,72.43477957
Viet Nam,VNM,75.28879048
Zambia,ZMB,74.90217426
Zimbabwe,ZWE,74.81766207
